payment_id,invoice_id,customer_id,payment_date,amount_paid,payment_method,payment_status
PAY00001,INV00001,CUST0001,2024-10-09,19.99,bank_transfer,paid
PAY00002,INV00002,CUST0001,2024-11-10,19.99,card,paid
PAY00003,INV00003,CUST0001,2024-12-10,19.99,bank_transfer,paid
PAY00004,INV00004,CUST0001,2025-01-10,19.99,paypal,paid
PAY00005,INV00005,CUST0001,2025-02-09,19.99,card,paid
PAY00006,INV00006,CUST0001,2025-03-10,19.99,card,paid
PAY00007,INV00007,CUST0001,2025-04-09,19.99,paypal,paid
PAY00008,INV00008,CUST0001,2025-05-13,19.99,paypal,paid
PAY00009,INV00009,CUST0001,2025-06-13,19.99,card,paid
PAY00010,INV00010,CUST0001,2025-07-13,19.99,paypal,paid
PAY00011,INV00011,CUST0001,2025-08-11,19.99,bank_transfer,paid
PAY00012,INV00012,CUST0001,2025-09-14,19.99,card,paid
PAY00013,INV00013,CUST0001,2025-10-16,0.0,card,failed
PAY00014,INV00014,CUST0001,2025-11-12,19.99,paypal,paid
PAY00015,INV00015,CUST0001,2025-12-10,19.99,paypal,paid
PAY00016,INV00016,CUST0002,2024-03-22,49.99,bank_transfer,paid
PAY00017,INV00017,CUST0002,2024-04-17,49.99,card,paid
PAY00018,INV00018,CUST0002,2024-05-20,49.99,paypal,paid
PAY00019,INV00019,CUST0002,2024-06-21,49.99,bank_transfer,paid
PAY00020,INV00020,CUST0002,2024-07-20,49.99,bank_transfer,paid
PAY00021,INV00021,CUST0002,2024-08-18,49.99,bank_transfer,paid
PAY00022,INV00022,CUST0002,2024-09-21,49.99,paypal,paid
PAY00023,INV00023,CUST0002,2024-10-18,49.99,card,paid
PAY00024,INV00024,CUST0002,2024-11-17,49.99,card,paid
PAY00025,INV00025,CUST0003,2025-03-21,19.99,card,paid
PAY00026,INV00026,CUST0003,2025-04-21,19.99,paypal,paid
PAY00027,INV00027,CUST0003,2025-05-19,19.99,paypal,paid
PAY00028,INV00028,CUST0003,2025-06-22,19.99,bank_transfer,paid
PAY00029,INV00029,CUST0003,2025-07-18,19.99,bank_transfer,paid
PAY00030,INV00030,CUST0003,2025-08-19,19.99,bank_transfer,paid
PAY00031,INV00031,CUST0003,2025-09-19,19.99,card,paid
PAY00032,INV00032,CUST0003,2025-10-21,19.99,card,paid
PAY00033,INV00033,CUST0003,2025-11-17,19.99,paypal,paid
PAY00034,INV00034,CUST0003,2025-12-19,19.99,card,paid
PAY00035,INV00035,CUST0004,2025-07-10,49.99,card,paid
PAY00036,INV00036,CUST0004,2025-08-12,49.99,card,paid
PAY00037,INV00037,CUST0004,2025-09-12,49.99,bank_transfer,paid
PAY00038,INV00038,CUST0004,2025-10-10,49.99,card,paid
PAY00039,INV00039,CUST0004,2025-11-07,49.99,bank_transfer,paid
PAY00040,INV00040,CUST0004,2025-12-07,49.99,card,paid
PAY00041,INV00041,CUST0005,2024-03-14,19.99,bank_transfer,paid
PAY00042,INV00042,CUST0005,2024-04-16,19.99,card,paid
PAY00043,INV00043,CUST0005,2024-05-14,19.99,card,paid
PAY00044,INV00044,CUST0005,2024-06-16,19.99,paypal,paid
PAY00045,INV00045,CUST0005,2024-07-18,19.99,bank_transfer,paid
PAY00046,INV00046,CUST0005,2024-08-16,19.99,bank_transfer,paid
PAY00047,INV00047,CUST0005,2024-09-14,19.99,card,paid
PAY00048,INV00048,CUST0005,2024-10-16,19.99,card,paid
PAY00049,INV00049,CUST0005,2024-11-13,19.99,paypal,paid
PAY00050,INV00050,CUST0005,2024-12-13,19.99,card,paid
PAY00051,INV00051,CUST0006,2024-04-13,19.99,paypal,paid
PAY00052,INV00052,CUST0006,2024-05-17,19.99,bank_transfer,paid
PAY00053,INV00053,CUST0006,2024-06-17,19.99,paypal,paid
PAY00054,INV00054,CUST0006,2024-07-12,19.99,bank_transfer,paid
PAY00055,INV00055,CUST0006,2024-08-14,19.99,card,paid
PAY00056,INV00056,CUST0006,2024-09-16,19.99,card,paid
PAY00057,INV00057,CUST0006,2024-10-12,19.99,bank_transfer,paid
PAY00058,INV00058,CUST0006,2024-11-16,19.99,card,paid
PAY00059,INV00059,CUST0006,2024-12-12,19.99,paypal,paid
PAY00060,INV00060,CUST0007,2024-11-29,49.99,paypal,paid
PAY00061,INV00061,CUST0007,2024-12-25,0.0,card,failed
PAY00062,INV00062,CUST0007,2025-01-28,49.99,card,paid
PAY00063,INV00063,CUST0007,2025-02-26,49.99,card,paid
PAY00064,INV00064,CUST0007,2025-03-25,49.99,paypal,paid
PAY00065,INV00065,CUST0007,2025-04-28,49.99,bank_transfer,paid
PAY00066,INV00066,CUST0007,2025-05-31,0.0,bank_transfer,failed
PAY00067,INV00067,CUST0007,2025-06-29,49.99,bank_transfer,paid
PAY00068,INV00068,CUST0007,2025-07-25,49.99,paypal,paid
PAY00069,INV00069,CUST0008,2024-06-15,49.99,card,paid
PAY00070,INV00070,CUST0008,2024-07-15,49.99,card,paid
PAY00071,INV00071,CUST0008,2024-08-17,49.99,bank_transfer,paid
PAY00072,INV00072,CUST0008,2024-09-13,49.99,bank_transfer,paid
PAY00073,INV00073,CUST0008,2024-10-15,49.99,bank_transfer,paid
PAY00074,INV00074,CUST0008,2024-11-13,49.99,paypal,paid
PAY00075,INV00075,CUST0008,2024-12-20,0.0,card,failed
PAY00076,INV00076,CUST0009,2024-09-19,49.99,card,paid
PAY00077,INV00077,CUST0009,2024-10-21,49.99,card,paid
PAY00078,INV00078,CUST0009,2024-11-25,0.0,paypal,failed
PAY00079,INV00079,CUST0009,2024-12-23,49.99,card,paid
PAY00080,INV00080,CUST0009,2025-01-18,49.99,paypal,paid
PAY00081,INV00081,CUST0009,2025-02-19,49.99,card,paid
PAY00082,INV00082,CUST0009,2025-03-20,49.99,card,paid
PAY00083,INV00083,CUST0009,2025-04-21,49.99,paypal,paid
PAY00084,INV00084,CUST0009,2025-05-20,49.99,paypal,paid
PAY00085,INV00085,CUST0009,2025-06-22,49.99,paypal,paid
PAY00086,INV00086,CUST0009,2025-07-20,49.99,card,paid
PAY00087,INV00087,CUST0009,2025-08-19,0.0,card,failed
PAY00088,INV00088,CUST0009,2025-09-20,49.99,bank_transfer,paid
PAY00089,INV00089,CUST0009,2025-10-22,49.99,card,paid
PAY00090,INV00090,CUST0009,2025-11-20,49.99,card,paid
PAY00091,INV00091,CUST0009,2025-12-22,49.99,bank_transfer,paid
PAY00092,INV00092,CUST0010,2025-03-29,49.99,bank_transfer,paid
PAY00093,INV00093,CUST0010,2025-04-30,49.99,bank_transfer,paid
PAY00094,INV00094,CUST0010,2025-05-30,49.99,bank_transfer,paid
PAY00095,INV00095,CUST0010,2025-06-28,49.99,bank_transfer,paid
PAY00096,INV00096,CUST0010,2025-07-27,49.99,paypal,paid
PAY00097,INV00097,CUST0010,2025-08-31,49.99,bank_transfer,paid
PAY00098,INV00098,CUST0010,2025-09-30,49.99,bank_transfer,paid
PAY00099,INV00099,CUST0010,2025-11-01,49.99,card,paid
PAY00100,INV00100,CUST0010,2025-12-02,49.99,bank_transfer,paid
PAY00101,INV00101,CUST0010,2025-12-28,49.99,bank_transfer,paid
PAY00102,INV00102,CUST0011,2024-02-07,89.99,bank_transfer,paid
PAY00103,INV00103,CUST0011,2024-03-07,89.99,paypal,paid
PAY00104,INV00104,CUST0011,2024-04-09,89.99,card,paid
PAY00105,INV00105,CUST0011,2024-05-04,89.99,paypal,paid
PAY00106,INV00106,CUST0011,2024-06-09,89.99,bank_transfer,paid
PAY00107,INV00107,CUST0011,2024-07-04,89.99,paypal,paid
PAY00108,INV00108,CUST0011,2024-08-08,89.99,bank_transfer,paid
PAY00109,INV00109,CUST0011,2024-09-08,0.0,bank_transfer,failed
PAY00110,INV00110,CUST0011,2024-10-08,89.99,paypal,paid
PAY00111,INV00111,CUST0011,2024-11-05,89.99,bank_transfer,paid
PAY00112,INV00112,CUST0011,2024-12-05,89.99,bank_transfer,paid
PAY00113,INV00113,CUST0011,2025-01-07,89.99,bank_transfer,paid
PAY00114,INV00114,CUST0011,2025-02-09,89.99,paypal,paid
PAY00115,INV00115,CUST0011,2025-03-08,89.99,card,paid
PAY00116,INV00116,CUST0011,2025-04-09,89.99,card,paid
PAY00117,INV00117,CUST0011,2025-05-07,89.99,paypal,paid
PAY00118,INV00118,CUST0011,2025-06-05,89.99,paypal,paid
PAY00119,INV00119,CUST0011,2025-07-09,89.99,card,paid
PAY00120,INV00120,CUST0011,2025-08-07,89.99,paypal,paid
PAY00121,INV00121,CUST0011,2025-09-07,89.99,bank_transfer,paid
PAY00122,INV00122,CUST0011,2025-10-08,89.99,card,paid
PAY00123,INV00123,CUST0011,2025-11-07,89.99,card,paid
PAY00124,INV00124,CUST0011,2025-12-07,89.99,bank_transfer,paid
PAY00125,INV00125,CUST0012,2025-07-13,49.99,card,paid
PAY00126,INV00126,CUST0012,2025-08-12,49.99,paypal,paid
PAY00127,INV00127,CUST0012,2025-09-14,0.0,paypal,failed
PAY00128,INV00128,CUST0012,2025-10-13,49.99,card,paid
PAY00129,INV00129,CUST0012,2025-11-12,49.99,card,paid
PAY00130,INV00130,CUST0012,2025-12-15,49.99,card,paid
PAY00131,INV00131,CUST0013,2024-01-29,19.99,paypal,paid
PAY00132,INV00132,CUST0013,2024-02-29,19.99,bank_transfer,paid
PAY00133,INV00133,CUST0013,2024-03-28,19.99,card,paid
PAY00134,INV00134,CUST0013,2024-04-28,19.99,paypal,paid
PAY00135,INV00135,CUST0013,2024-05-31,19.99,paypal,paid
PAY00136,INV00136,CUST0013,2024-07-02,19.99,bank_transfer,paid
PAY00137,INV00137,CUST0013,2024-08-02,19.99,paypal,paid
PAY00138,INV00138,CUST0013,2024-08-28,19.99,bank_transfer,paid
PAY00139,INV00139,CUST0013,2024-10-01,19.99,bank_transfer,paid
PAY00140,INV00140,CUST0013,2024-10-30,19.99,card,paid
PAY00141,INV00141,CUST0013,2024-11-28,19.99,paypal,paid
PAY00142,INV00142,CUST0013,2024-12-31,19.99,bank_transfer,paid
PAY00143,INV00143,CUST0013,2025-02-01,19.99,bank_transfer,paid
PAY00144,INV00144,CUST0013,2025-03-04,19.99,paypal,paid
PAY00145,INV00145,CUST0013,2025-04-01,19.99,paypal,paid
PAY00146,INV00146,CUST0013,2025-04-28,19.99,paypal,paid
PAY00147,INV00147,CUST0013,2025-05-31,19.99,bank_transfer,paid
PAY00148,INV00148,CUST0013,2025-06-28,19.99,paypal,paid
PAY00149,INV00149,CUST0013,2025-07-29,19.99,paypal,paid
PAY00150,INV00150,CUST0013,2025-09-01,19.99,bank_transfer,paid
PAY00151,INV00151,CUST0013,2025-10-02,19.99,card,paid
PAY00152,INV00152,CUST0013,2025-10-31,19.99,bank_transfer,paid
PAY00153,INV00153,CUST0013,2025-12-03,19.99,bank_transfer,paid
PAY00154,INV00154,CUST0013,2025-12-28,19.99,paypal,paid
PAY00155,INV00155,CUST0014,2025-01-20,49.99,bank_transfer,paid
PAY00156,INV00156,CUST0014,2025-02-19,49.99,card,paid
PAY00157,INV00157,CUST0014,2025-03-23,49.99,bank_transfer,paid
PAY00158,INV00158,CUST0014,2025-04-19,49.99,card,paid
PAY00159,INV00159,CUST0014,2025-05-22,49.99,bank_transfer,paid
PAY00160,INV00160,CUST0014,2025-06-25,0.0,card,failed
PAY00161,INV00161,CUST0014,2025-07-20,49.99,card,paid
PAY00162,INV00162,CUST0014,2025-08-19,49.99,paypal,paid
PAY00163,INV00163,CUST0014,2025-09-19,49.99,bank_transfer,paid
PAY00164,INV00164,CUST0014,2025-10-18,49.99,bank_transfer,paid
PAY00165,INV00165,CUST0014,2025-11-20,49.99,card,paid
PAY00166,INV00166,CUST0014,2025-12-21,49.99,card,paid
PAY00167,INV00167,CUST0015,2024-03-26,19.99,card,paid
PAY00168,INV00168,CUST0015,2024-04-29,19.99,bank_transfer,paid
PAY00169,INV00169,CUST0015,2024-05-28,19.99,paypal,paid
PAY00170,INV00170,CUST0015,2024-06-28,19.99,paypal,paid
PAY00171,INV00171,CUST0015,2024-07-30,19.99,card,paid
PAY00172,INV00172,CUST0015,2024-08-26,19.99,paypal,paid
PAY00173,INV00173,CUST0015,2024-09-26,19.99,bank_transfer,paid
PAY00174,INV00174,CUST0015,2024-10-28,19.99,bank_transfer,paid
PAY00175,INV00175,CUST0015,2024-11-26,19.99,paypal,paid
PAY00176,INV00176,CUST0015,2024-12-28,19.99,card,paid
PAY00177,INV00177,CUST0015,2025-02-01,0.0,bank_transfer,failed
PAY00178,INV00178,CUST0015,2025-02-26,19.99,paypal,paid
PAY00179,INV00179,CUST0015,2025-03-26,19.99,paypal,paid
PAY00180,INV00180,CUST0015,2025-04-26,19.99,paypal,paid
PAY00181,INV00181,CUST0015,2025-05-27,19.99,paypal,paid
PAY00182,INV00182,CUST0015,2025-06-30,19.99,paypal,paid
PAY00183,INV00183,CUST0015,2025-07-28,19.99,paypal,paid
PAY00184,INV00184,CUST0015,2025-08-28,19.99,bank_transfer,paid
PAY00185,INV00185,CUST0015,2025-09-25,19.99,card,paid
PAY00186,INV00186,CUST0015,2025-10-29,19.99,bank_transfer,paid
PAY00187,INV00187,CUST0015,2025-12-01,0.0,paypal,failed
PAY00188,INV00188,CUST0015,2025-12-26,19.99,paypal,paid
PAY00189,INV00189,CUST0016,2024-07-14,49.99,paypal,paid
PAY00190,INV00190,CUST0016,2024-08-12,49.99,paypal,paid
PAY00191,INV00191,CUST0016,2024-09-16,49.99,paypal,paid
PAY00192,INV00192,CUST0016,2024-10-14,49.99,card,paid
PAY00193,INV00193,CUST0016,2024-11-14,49.99,bank_transfer,paid
PAY00194,INV00194,CUST0016,2024-12-15,49.99,paypal,paid
PAY00195,INV00195,CUST0016,2025-01-13,49.99,bank_transfer,paid
PAY00196,INV00196,CUST0016,2025-02-11,49.99,card,paid
PAY00197,INV00197,CUST0016,2025-03-13,49.99,paypal,paid
PAY00198,INV00198,CUST0016,2025-04-11,49.99,bank_transfer,paid
PAY00199,INV00199,CUST0016,2025-05-12,49.99,paypal,paid
PAY00200,INV00200,CUST0016,2025-06-11,49.99,card,paid
PAY00201,INV00201,CUST0016,2025-07-14,49.99,card,paid
PAY00202,INV00202,CUST0016,2025-08-16,49.99,paypal,paid
PAY00203,INV00203,CUST0016,2025-09-14,49.99,paypal,paid
PAY00204,INV00204,CUST0016,2025-10-14,49.99,card,paid
PAY00205,INV00205,CUST0016,2025-11-12,49.99,card,paid
PAY00206,INV00206,CUST0016,2025-12-14,49.99,paypal,paid
PAY00207,INV00207,CUST0017,2024-01-13,49.99,paypal,paid
PAY00208,INV00208,CUST0017,2024-02-16,49.99,bank_transfer,paid
PAY00209,INV00209,CUST0017,2024-03-19,0.0,card,failed
PAY00210,INV00210,CUST0017,2024-04-14,0.0,bank_transfer,failed
PAY00211,INV00211,CUST0017,2024-05-15,49.99,card,paid
PAY00212,INV00212,CUST0017,2024-06-15,49.99,paypal,paid
PAY00213,INV00213,CUST0017,2024-07-17,49.99,card,paid
PAY00214,INV00214,CUST0017,2024-08-16,49.99,bank_transfer,paid
PAY00215,INV00215,CUST0017,2024-09-15,49.99,card,paid
PAY00216,INV00216,CUST0017,2024-10-17,49.99,card,paid
PAY00217,INV00217,CUST0017,2024-11-13,49.99,card,paid
PAY00218,INV00218,CUST0017,2024-12-15,0.0,bank_transfer,failed
PAY00219,INV00219,CUST0017,2025-01-17,49.99,card,paid
PAY00220,INV00220,CUST0017,2025-02-16,49.99,paypal,paid
PAY00221,INV00221,CUST0017,2025-03-15,49.99,bank_transfer,paid
PAY00222,INV00222,CUST0017,2025-04-18,0.0,card,failed
PAY00223,INV00223,CUST0017,2025-05-12,49.99,bank_transfer,paid
PAY00224,INV00224,CUST0017,2025-06-13,49.99,bank_transfer,paid
PAY00225,INV00225,CUST0017,2025-07-14,49.99,card,paid
PAY00226,INV00226,CUST0017,2025-08-13,49.99,card,paid
PAY00227,INV00227,CUST0017,2025-09-13,49.99,card,paid
PAY00228,INV00228,CUST0017,2025-10-15,49.99,bank_transfer,paid
PAY00229,INV00229,CUST0017,2025-11-16,49.99,card,paid
PAY00230,INV00230,CUST0017,2025-12-15,49.99,paypal,paid
PAY00231,INV00231,CUST0018,2024-06-25,0.0,paypal,failed
PAY00232,INV00232,CUST0018,2024-07-21,89.99,card,paid
PAY00233,INV00233,CUST0018,2024-08-19,89.99,card,paid
PAY00234,INV00234,CUST0018,2024-09-21,89.99,bank_transfer,paid
PAY00235,INV00235,CUST0018,2024-10-25,0.0,paypal,failed
PAY00236,INV00236,CUST0018,2024-11-23,89.99,bank_transfer,paid
PAY00237,INV00237,CUST0018,2024-12-24,0.0,bank_transfer,failed
PAY00238,INV00238,CUST0018,2025-01-21,89.99,card,paid
PAY00239,INV00239,CUST0018,2025-02-24,89.99,card,paid
PAY00240,INV00240,CUST0018,2025-03-24,89.99,bank_transfer,paid
PAY00241,INV00241,CUST0018,2025-04-19,89.99,bank_transfer,paid
PAY00242,INV00242,CUST0018,2025-05-22,89.99,card,paid
PAY00243,INV00243,CUST0018,2025-06-19,89.99,paypal,paid
PAY00244,INV00244,CUST0018,2025-07-20,89.99,card,paid
PAY00245,INV00245,CUST0018,2025-08-21,89.99,bank_transfer,paid
PAY00246,INV00246,CUST0018,2025-09-20,89.99,paypal,paid
PAY00247,INV00247,CUST0018,2025-10-26,0.0,paypal,failed
PAY00248,INV00248,CUST0018,2025-11-21,89.99,card,paid
PAY00249,INV00249,CUST0018,2025-12-20,89.99,bank_transfer,paid
PAY00250,INV00250,CUST0019,2025-01-22,19.99,paypal,paid
PAY00251,INV00251,CUST0019,2025-02-19,19.99,card,paid
PAY00252,INV00252,CUST0019,2025-03-21,19.99,bank_transfer,paid
PAY00253,INV00253,CUST0019,2025-04-22,19.99,card,paid
PAY00254,INV00254,CUST0019,2025-05-22,19.99,paypal,paid
PAY00255,INV00255,CUST0019,2025-06-17,19.99,card,paid
PAY00256,INV00256,CUST0019,2025-07-17,19.99,card,paid
PAY00257,INV00257,CUST0019,2025-08-20,19.99,paypal,paid
PAY00258,INV00258,CUST0020,2024-06-17,0.0,bank_transfer,failed
PAY00259,INV00259,CUST0020,2024-07-19,49.99,paypal,paid
PAY00260,INV00260,CUST0020,2024-08-16,49.99,bank_transfer,paid
PAY00261,INV00261,CUST0020,2024-09-21,49.99,paypal,paid
PAY00262,INV00262,CUST0020,2024-10-16,49.99,paypal,paid
PAY00263,INV00263,CUST0020,2024-11-21,49.99,bank_transfer,paid
PAY00264,INV00264,CUST0020,2024-12-18,49.99,card,paid
PAY00265,INV00265,CUST0020,2025-01-17,49.99,card,paid
PAY00266,INV00266,CUST0020,2025-02-20,49.99,card,paid
PAY00267,INV00267,CUST0020,2025-03-17,49.99,bank_transfer,paid
PAY00268,INV00268,CUST0020,2025-04-16,49.99,bank_transfer,paid
PAY00269,INV00269,CUST0020,2025-05-18,49.99,card,paid
PAY00270,INV00270,CUST0020,2025-06-18,49.99,card,paid
PAY00271,INV00271,CUST0020,2025-07-16,49.99,bank_transfer,paid
PAY00272,INV00272,CUST0020,2025-08-18,49.99,bank_transfer,paid
PAY00273,INV00273,CUST0020,2025-09-17,49.99,bank_transfer,paid
PAY00274,INV00274,CUST0020,2025-10-16,49.99,card,paid
PAY00275,INV00275,CUST0020,2025-11-19,49.99,bank_transfer,paid
PAY00276,INV00276,CUST0020,2025-12-19,49.99,card,paid
PAY00277,INV00277,CUST0021,2024-06-13,19.99,bank_transfer,paid
PAY00278,INV00278,CUST0021,2024-07-14,19.99,paypal,paid
PAY00279,INV00279,CUST0021,2024-08-15,19.99,bank_transfer,paid
PAY00280,INV00280,CUST0021,2024-09-11,19.99,paypal,paid
PAY00281,INV00281,CUST0021,2024-10-12,19.99,paypal,paid
PAY00282,INV00282,CUST0021,2024-11-12,19.99,paypal,paid
PAY00283,INV00283,CUST0021,2024-12-11,19.99,bank_transfer,paid
PAY00284,INV00284,CUST0021,2025-01-10,19.99,card,paid
PAY00285,INV00285,CUST0021,2025-02-12,19.99,card,paid
PAY00286,INV00286,CUST0021,2025-03-14,19.99,bank_transfer,paid
PAY00287,INV00287,CUST0021,2025-04-12,19.99,bank_transfer,paid
PAY00288,INV00288,CUST0021,2025-05-15,19.99,card,paid
PAY00289,INV00289,CUST0021,2025-06-12,19.99,card,paid
PAY00290,INV00290,CUST0021,2025-07-15,19.99,paypal,paid
PAY00291,INV00291,CUST0021,2025-08-14,19.99,paypal,paid
PAY00292,INV00292,CUST0021,2025-09-11,19.99,paypal,paid
PAY00293,INV00293,CUST0021,2025-10-17,0.0,bank_transfer,failed
PAY00294,INV00294,CUST0021,2025-11-15,19.99,bank_transfer,paid
PAY00295,INV00295,CUST0021,2025-12-15,19.99,paypal,paid
PAY00296,INV00296,CUST0022,2024-07-09,49.99,card,paid
PAY00297,INV00297,CUST0022,2024-08-06,49.99,paypal,paid
PAY00298,INV00298,CUST0022,2024-09-09,49.99,bank_transfer,paid
PAY00299,INV00299,CUST0023,2024-06-18,49.99,paypal,paid
PAY00300,INV00300,CUST0023,2024-07-18,49.99,card,paid
PAY00301,INV00301,CUST0023,2024-08-19,49.99,bank_transfer,paid
PAY00302,INV00302,CUST0023,2024-09-16,49.99,card,paid
PAY00303,INV00303,CUST0023,2024-10-15,0.0,card,failed
PAY00304,INV00304,CUST0023,2024-11-15,49.99,card,paid
PAY00305,INV00305,CUST0023,2024-12-14,49.99,card,paid
PAY00306,INV00306,CUST0023,2025-01-15,49.99,paypal,paid
PAY00307,INV00307,CUST0023,2025-02-18,49.99,bank_transfer,paid
PAY00308,INV00308,CUST0023,2025-03-19,49.99,card,paid
PAY00309,INV00309,CUST0023,2025-04-14,49.99,paypal,paid
PAY00310,INV00310,CUST0023,2025-05-19,49.99,bank_transfer,paid
PAY00311,INV00311,CUST0023,2025-06-14,49.99,paypal,paid
PAY00312,INV00312,CUST0023,2025-07-18,0.0,bank_transfer,failed
PAY00313,INV00313,CUST0023,2025-08-14,49.99,paypal,paid
PAY00314,INV00314,CUST0023,2025-09-18,49.99,paypal,paid
PAY00315,INV00315,CUST0023,2025-10-16,49.99,bank_transfer,paid
PAY00316,INV00316,CUST0023,2025-11-15,49.99,card,paid
PAY00317,INV00317,CUST0023,2025-12-18,49.99,card,paid
PAY00318,INV00318,CUST0024,2024-06-08,19.99,card,paid
PAY00319,INV00319,CUST0024,2024-07-06,19.99,paypal,paid
PAY00320,INV00320,CUST0024,2024-08-06,19.99,bank_transfer,paid
PAY00321,INV00321,CUST0024,2024-09-08,19.99,bank_transfer,paid
PAY00322,INV00322,CUST0024,2024-10-06,0.0,card,failed
PAY00323,INV00323,CUST0025,2025-05-07,49.99,paypal,paid
PAY00324,INV00324,CUST0025,2025-06-04,49.99,bank_transfer,paid
PAY00325,INV00325,CUST0025,2025-07-08,49.99,bank_transfer,paid
PAY00326,INV00326,CUST0025,2025-08-04,49.99,paypal,paid
PAY00327,INV00327,CUST0025,2025-09-05,49.99,paypal,paid
PAY00328,INV00328,CUST0025,2025-10-04,49.99,paypal,paid
PAY00329,INV00329,CUST0025,2025-11-06,49.99,bank_transfer,paid
PAY00330,INV00330,CUST0025,2025-12-04,49.99,card,paid
PAY00331,INV00331,CUST0026,2025-06-28,19.99,bank_transfer,paid
PAY00332,INV00332,CUST0026,2025-07-27,19.99,bank_transfer,paid
PAY00333,INV00333,CUST0026,2025-08-28,19.99,bank_transfer,paid
PAY00334,INV00334,CUST0026,2025-09-27,19.99,bank_transfer,paid
PAY00335,INV00335,CUST0026,2025-10-28,19.99,bank_transfer,paid
PAY00336,INV00336,CUST0026,2025-11-28,19.99,card,paid
PAY00337,INV00337,CUST0026,2025-12-25,19.99,card,paid
PAY00338,INV00338,CUST0027,2025-03-16,19.99,card,paid
PAY00339,INV00339,CUST0027,2025-04-13,19.99,paypal,paid
PAY00340,INV00340,CUST0027,2025-05-17,19.99,bank_transfer,paid
PAY00341,INV00341,CUST0027,2025-06-15,19.99,bank_transfer,paid
PAY00342,INV00342,CUST0027,2025-07-14,19.99,card,paid
PAY00343,INV00343,CUST0027,2025-08-14,19.99,bank_transfer,paid
PAY00344,INV00344,CUST0028,2024-09-10,19.99,card,paid
PAY00345,INV00345,CUST0028,2024-10-11,0.0,paypal,failed
PAY00346,INV00346,CUST0028,2024-11-10,19.99,bank_transfer,paid
PAY00347,INV00347,CUST0028,2024-12-14,0.0,card,failed
PAY00348,INV00348,CUST0028,2025-01-08,19.99,paypal,paid
PAY00349,INV00349,CUST0028,2025-02-11,19.99,card,paid
PAY00350,INV00350,CUST0029,2025-04-09,49.99,paypal,paid
PAY00351,INV00351,CUST0029,2025-05-09,49.99,bank_transfer,paid
PAY00352,INV00352,CUST0029,2025-06-06,49.99,paypal,paid
PAY00353,INV00353,CUST0029,2025-07-06,49.99,bank_transfer,paid
PAY00354,INV00354,CUST0029,2025-08-07,49.99,card,paid
PAY00355,INV00355,CUST0029,2025-09-11,49.99,card,paid
PAY00356,INV00356,CUST0029,2025-10-10,49.99,card,paid
PAY00357,INV00357,CUST0029,2025-11-07,49.99,card,paid
PAY00358,INV00358,CUST0029,2025-12-10,49.99,paypal,paid
PAY00359,INV00359,CUST0030,2024-11-14,19.99,paypal,paid
PAY00360,INV00360,CUST0030,2024-12-18,19.99,bank_transfer,paid
PAY00361,INV00361,CUST0030,2025-01-17,19.99,card,paid
PAY00362,INV00362,CUST0030,2025-02-17,19.99,card,paid
PAY00363,INV00363,CUST0030,2025-03-16,19.99,card,paid
PAY00364,INV00364,CUST0030,2025-04-18,19.99,bank_transfer,paid
PAY00365,INV00365,CUST0030,2025-05-17,0.0,bank_transfer,failed
PAY00366,INV00366,CUST0030,2025-06-14,19.99,paypal,paid
PAY00367,INV00367,CUST0030,2025-07-14,19.99,bank_transfer,paid
PAY00368,INV00368,CUST0030,2025-08-14,19.99,paypal,paid
PAY00369,INV00369,CUST0030,2025-09-15,19.99,bank_transfer,paid
PAY00370,INV00370,CUST0030,2025-10-19,19.99,card,paid
PAY00371,INV00371,CUST0030,2025-11-17,19.99,card,paid
PAY00372,INV00372,CUST0030,2025-12-15,19.99,card,paid
PAY00373,INV00373,CUST0031,2025-02-21,19.99,bank_transfer,paid
PAY00374,INV00374,CUST0031,2025-03-23,19.99,paypal,paid
PAY00375,INV00375,CUST0031,2025-04-24,19.99,paypal,paid
PAY00376,INV00376,CUST0031,2025-05-24,19.99,paypal,paid
PAY00377,INV00377,CUST0031,2025-06-21,19.99,bank_transfer,paid
PAY00378,INV00378,CUST0031,2025-07-22,19.99,bank_transfer,paid
PAY00379,INV00379,CUST0031,2025-08-23,19.99,bank_transfer,paid
PAY00380,INV00380,CUST0031,2025-09-26,19.99,paypal,paid
PAY00381,INV00381,CUST0032,2025-04-13,49.99,paypal,paid
PAY00382,INV00382,CUST0032,2025-05-13,49.99,card,paid
PAY00383,INV00383,CUST0032,2025-06-12,49.99,bank_transfer,paid
PAY00384,INV00384,CUST0033,2024-03-20,19.99,paypal,paid
PAY00385,INV00385,CUST0033,2024-04-19,19.99,bank_transfer,paid
PAY00386,INV00386,CUST0033,2024-05-20,19.99,card,paid
PAY00387,INV00387,CUST0033,2024-06-19,19.99,paypal,paid
PAY00388,INV00388,CUST0033,2024-07-18,19.99,paypal,paid
PAY00389,INV00389,CUST0034,2024-10-23,19.99,card,paid
PAY00390,INV00390,CUST0034,2024-11-23,0.0,bank_transfer,failed
PAY00391,INV00391,CUST0034,2024-12-20,19.99,bank_transfer,paid
PAY00392,INV00392,CUST0034,2025-01-21,19.99,bank_transfer,paid
PAY00393,INV00393,CUST0034,2025-02-21,19.99,paypal,paid
PAY00394,INV00394,CUST0034,2025-03-21,19.99,card,paid
PAY00395,INV00395,CUST0034,2025-04-22,19.99,bank_transfer,paid
PAY00396,INV00396,CUST0034,2025-05-24,19.99,card,paid
PAY00397,INV00397,CUST0034,2025-06-22,19.99,paypal,paid
PAY00398,INV00398,CUST0034,2025-07-24,19.99,paypal,paid
PAY00399,INV00399,CUST0034,2025-08-20,19.99,card,paid
PAY00400,INV00400,CUST0034,2025-09-23,19.99,paypal,paid
PAY00401,INV00401,CUST0034,2025-10-24,19.99,bank_transfer,paid
PAY00402,INV00402,CUST0034,2025-11-21,19.99,paypal,paid
PAY00403,INV00403,CUST0034,2025-12-20,19.99,bank_transfer,paid
PAY00404,INV00404,CUST0035,2024-12-06,89.99,card,paid
PAY00405,INV00405,CUST0035,2025-01-05,89.99,bank_transfer,paid
PAY00406,INV00406,CUST0035,2025-02-08,89.99,bank_transfer,paid
PAY00407,INV00407,CUST0035,2025-03-06,0.0,card,failed
PAY00408,INV00408,CUST0035,2025-04-09,89.99,bank_transfer,paid
PAY00409,INV00409,CUST0035,2025-05-05,0.0,card,failed
PAY00410,INV00410,CUST0035,2025-06-09,89.99,bank_transfer,paid
PAY00411,INV00411,CUST0035,2025-07-08,89.99,paypal,paid
PAY00412,INV00412,CUST0035,2025-08-09,89.99,bank_transfer,paid
PAY00413,INV00413,CUST0035,2025-09-08,0.0,card,failed
PAY00414,INV00414,CUST0035,2025-10-09,89.99,paypal,paid
PAY00415,INV00415,CUST0035,2025-11-04,89.99,card,paid
PAY00416,INV00416,CUST0035,2025-12-05,89.99,paypal,paid
PAY00417,INV00417,CUST0036,2024-11-28,19.99,paypal,paid
PAY00418,INV00418,CUST0036,2024-12-28,19.99,card,paid
PAY00419,INV00419,CUST0036,2025-01-29,0.0,paypal,failed
PAY00420,INV00420,CUST0036,2025-03-05,0.0,paypal,failed
PAY00421,INV00421,CUST0036,2025-03-28,19.99,paypal,paid
PAY00422,INV00422,CUST0036,2025-04-29,19.99,paypal,paid
PAY00423,INV00423,CUST0036,2025-05-29,0.0,bank_transfer,failed
PAY00424,INV00424,CUST0036,2025-06-27,19.99,paypal,paid
PAY00425,INV00425,CUST0036,2025-08-01,19.99,bank_transfer,paid
PAY00426,INV00426,CUST0036,2025-08-27,19.99,paypal,paid
PAY00427,INV00427,CUST0036,2025-09-29,19.99,paypal,paid
PAY00428,INV00428,CUST0036,2025-10-31,19.99,bank_transfer,paid
PAY00429,INV00429,CUST0036,2025-11-27,19.99,paypal,paid
PAY00430,INV00430,CUST0036,2025-12-29,19.99,bank_transfer,paid
PAY00431,INV00431,CUST0037,2024-04-15,49.99,card,paid
PAY00432,INV00432,CUST0037,2024-05-14,49.99,card,paid
PAY00433,INV00433,CUST0037,2024-06-15,49.99,bank_transfer,paid
PAY00434,INV00434,CUST0037,2024-07-18,49.99,paypal,paid
PAY00435,INV00435,CUST0037,2024-08-20,0.0,paypal,failed
PAY00436,INV00436,CUST0037,2024-09-18,49.99,bank_transfer,paid
PAY00437,INV00437,CUST0037,2024-10-16,49.99,paypal,paid
PAY00438,INV00438,CUST0037,2024-11-19,49.99,card,paid
PAY00439,INV00439,CUST0037,2024-12-19,49.99,bank_transfer,paid
PAY00440,INV00440,CUST0037,2025-01-16,49.99,bank_transfer,paid
PAY00441,INV00441,CUST0037,2025-02-18,49.99,card,paid
PAY00442,INV00442,CUST0037,2025-03-15,49.99,bank_transfer,paid
PAY00443,INV00443,CUST0037,2025-04-17,49.99,card,paid
PAY00444,INV00444,CUST0037,2025-05-18,49.99,bank_transfer,paid
PAY00445,INV00445,CUST0037,2025-06-16,49.99,paypal,paid
PAY00446,INV00446,CUST0037,2025-07-17,49.99,bank_transfer,paid
PAY00447,INV00447,CUST0037,2025-08-21,0.0,bank_transfer,failed
PAY00448,INV00448,CUST0037,2025-09-19,49.99,card,paid
PAY00449,INV00449,CUST0037,2025-10-19,49.99,paypal,paid
PAY00450,INV00450,CUST0037,2025-11-15,49.99,paypal,paid
PAY00451,INV00451,CUST0037,2025-12-16,49.99,bank_transfer,paid
PAY00452,INV00452,CUST0038,2025-05-19,19.99,card,paid
PAY00453,INV00453,CUST0038,2025-06-17,19.99,paypal,paid
PAY00454,INV00454,CUST0038,2025-07-20,0.0,paypal,failed
PAY00455,INV00455,CUST0038,2025-08-18,19.99,bank_transfer,paid
PAY00456,INV00456,CUST0038,2025-09-17,19.99,paypal,paid
PAY00457,INV00457,CUST0038,2025-10-16,19.99,card,paid
PAY00458,INV00458,CUST0038,2025-11-16,19.99,paypal,paid
PAY00459,INV00459,CUST0039,2024-08-03,89.99,bank_transfer,paid
PAY00460,INV00460,CUST0039,2024-08-29,89.99,paypal,paid
PAY00461,INV00461,CUST0039,2024-10-04,89.99,card,paid
PAY00462,INV00462,CUST0039,2024-11-01,89.99,paypal,paid
PAY00463,INV00463,CUST0039,2024-12-01,89.99,paypal,paid
PAY00464,INV00464,CUST0039,2024-12-29,89.99,bank_transfer,paid
PAY00465,INV00465,CUST0040,2024-02-13,89.99,paypal,paid
PAY00466,INV00466,CUST0040,2024-03-12,89.99,card,paid
PAY00467,INV00467,CUST0040,2024-04-15,89.99,bank_transfer,paid
PAY00468,INV00468,CUST0040,2024-05-11,89.99,bank_transfer,paid
PAY00469,INV00469,CUST0040,2024-06-10,89.99,paypal,paid
PAY00470,INV00470,CUST0040,2024-07-12,89.99,bank_transfer,paid
PAY00471,INV00471,CUST0040,2024-08-12,89.99,bank_transfer,paid
PAY00472,INV00472,CUST0040,2024-09-14,89.99,bank_transfer,paid
PAY00473,INV00473,CUST0040,2024-10-14,89.99,paypal,paid
PAY00474,INV00474,CUST0040,2024-11-11,89.99,card,paid
PAY00475,INV00475,CUST0040,2024-12-11,0.0,paypal,failed
PAY00476,INV00476,CUST0040,2025-01-13,89.99,paypal,paid
PAY00477,INV00477,CUST0040,2025-02-15,89.99,bank_transfer,paid
PAY00478,INV00478,CUST0040,2025-03-10,89.99,paypal,paid
PAY00479,INV00479,CUST0040,2025-04-14,89.99,bank_transfer,paid
PAY00480,INV00480,CUST0040,2025-05-15,89.99,paypal,paid
PAY00481,INV00481,CUST0040,2025-06-11,89.99,paypal,paid
PAY00482,INV00482,CUST0040,2025-07-14,89.99,paypal,paid
PAY00483,INV00483,CUST0040,2025-08-13,89.99,bank_transfer,paid
PAY00484,INV00484,CUST0040,2025-09-11,89.99,bank_transfer,paid
PAY00485,INV00485,CUST0040,2025-10-10,89.99,bank_transfer,paid
PAY00486,INV00486,CUST0040,2025-11-10,89.99,bank_transfer,paid
PAY00487,INV00487,CUST0040,2025-12-14,89.99,card,paid
PAY00488,INV00488,CUST0041,2024-12-08,19.99,paypal,paid
PAY00489,INV00489,CUST0041,2025-01-08,19.99,paypal,paid
PAY00490,INV00490,CUST0041,2025-02-07,19.99,bank_transfer,paid
PAY00491,INV00491,CUST0041,2025-03-07,19.99,paypal,paid
PAY00492,INV00492,CUST0041,2025-04-08,19.99,card,paid
PAY00493,INV00493,CUST0041,2025-05-05,0.0,paypal,failed
PAY00494,INV00494,CUST0041,2025-06-07,19.99,card,paid
PAY00495,INV00495,CUST0041,2025-07-09,19.99,bank_transfer,paid
PAY00496,INV00496,CUST0041,2025-08-07,19.99,paypal,paid
PAY00497,INV00497,CUST0041,2025-09-07,19.99,card,paid
PAY00498,INV00498,CUST0041,2025-10-08,19.99,card,paid
PAY00499,INV00499,CUST0041,2025-11-05,19.99,bank_transfer,paid
PAY00500,INV00500,CUST0041,2025-12-05,19.99,card,paid
PAY00501,INV00501,CUST0042,2025-03-14,49.99,bank_transfer,paid
PAY00502,INV00502,CUST0042,2025-04-18,49.99,paypal,paid
PAY00503,INV00503,CUST0042,2025-05-14,0.0,card,failed
PAY00504,INV00504,CUST0042,2025-06-13,49.99,bank_transfer,paid
PAY00505,INV00505,CUST0042,2025-07-16,49.99,paypal,paid
PAY00506,INV00506,CUST0042,2025-08-13,49.99,card,paid
PAY00507,INV00507,CUST0042,2025-09-18,49.99,bank_transfer,paid
PAY00508,INV00508,CUST0042,2025-10-18,49.99,paypal,paid
PAY00509,INV00509,CUST0042,2025-11-18,49.99,bank_transfer,paid
PAY00510,INV00510,CUST0042,2025-12-13,49.99,bank_transfer,paid
PAY00511,INV00511,CUST0043,2025-03-22,19.99,paypal,paid
PAY00512,INV00512,CUST0043,2025-04-20,19.99,paypal,paid
PAY00513,INV00513,CUST0043,2025-05-19,19.99,card,paid
PAY00514,INV00514,CUST0043,2025-06-21,19.99,card,paid
PAY00515,INV00515,CUST0043,2025-07-23,0.0,bank_transfer,failed
PAY00516,INV00516,CUST0043,2025-08-19,19.99,paypal,paid
PAY00517,INV00517,CUST0043,2025-09-21,19.99,paypal,paid
PAY00518,INV00518,CUST0043,2025-10-19,19.99,card,paid
PAY00519,INV00519,CUST0043,2025-11-22,19.99,card,paid
PAY00520,INV00520,CUST0043,2025-12-22,19.99,bank_transfer,paid
PAY00521,INV00521,CUST0044,2024-08-02,0.0,bank_transfer,failed
PAY00522,INV00522,CUST0044,2024-09-05,0.0,card,failed
PAY00523,INV00523,CUST0044,2024-10-06,89.99,card,paid
PAY00524,INV00524,CUST0044,2024-11-03,89.99,paypal,paid
PAY00525,INV00525,CUST0044,2024-12-03,89.99,paypal,paid
PAY00526,INV00526,CUST0044,2025-01-04,89.99,paypal,paid
PAY00527,INV00527,CUST0045,2024-08-05,19.99,paypal,paid
PAY00528,INV00528,CUST0045,2024-09-10,19.99,paypal,paid
PAY00529,INV00529,CUST0045,2024-10-06,19.99,paypal,paid
PAY00530,INV00530,CUST0045,2024-11-09,19.99,bank_transfer,paid
PAY00531,INV00531,CUST0045,2024-12-08,19.99,bank_transfer,paid
PAY00532,INV00532,CUST0045,2025-01-06,19.99,bank_transfer,paid
PAY00533,INV00533,CUST0045,2025-02-10,19.99,bank_transfer,paid
PAY00534,INV00534,CUST0045,2025-03-09,19.99,bank_transfer,paid
PAY00535,INV00535,CUST0045,2025-04-05,19.99,bank_transfer,paid
PAY00536,INV00536,CUST0045,2025-05-06,19.99,card,paid
PAY00537,INV00537,CUST0045,2025-06-09,19.99,paypal,paid
PAY00538,INV00538,CUST0045,2025-07-10,19.99,bank_transfer,paid
PAY00539,INV00539,CUST0045,2025-08-05,19.99,card,paid
PAY00540,INV00540,CUST0045,2025-09-05,19.99,bank_transfer,paid
PAY00541,INV00541,CUST0045,2025-10-07,19.99,card,paid
PAY00542,INV00542,CUST0045,2025-11-08,19.99,card,paid
PAY00543,INV00543,CUST0045,2025-12-06,19.99,card,paid
PAY00544,INV00544,CUST0046,2025-01-08,19.99,card,paid
PAY00545,INV00545,CUST0046,2025-02-03,19.99,bank_transfer,paid
PAY00546,INV00546,CUST0046,2025-03-03,19.99,card,paid
PAY00547,INV00547,CUST0046,2025-04-06,19.99,card,paid
PAY00548,INV00548,CUST0046,2025-05-03,19.99,paypal,paid
PAY00549,INV00549,CUST0046,2025-06-05,19.99,bank_transfer,paid
PAY00550,INV00550,CUST0046,2025-07-08,0.0,card,failed
PAY00551,INV00551,CUST0046,2025-08-08,19.99,bank_transfer,paid
PAY00552,INV00552,CUST0046,2025-09-03,19.99,bank_transfer,paid
PAY00553,INV00553,CUST0046,2025-10-07,19.99,bank_transfer,paid
PAY00554,INV00554,CUST0046,2025-11-08,19.99,paypal,paid
PAY00555,INV00555,CUST0046,2025-12-07,19.99,card,paid
PAY00556,INV00556,CUST0047,2024-12-07,0.0,card,failed
PAY00557,INV00557,CUST0047,2025-01-06,49.99,paypal,paid
PAY00558,INV00558,CUST0047,2025-02-10,49.99,paypal,paid
PAY00559,INV00559,CUST0047,2025-03-11,49.99,paypal,paid
PAY00560,INV00560,CUST0047,2025-04-07,49.99,paypal,paid
PAY00561,INV00561,CUST0047,2025-05-07,49.99,bank_transfer,paid
PAY00562,INV00562,CUST0047,2025-06-10,49.99,paypal,paid
PAY00563,INV00563,CUST0047,2025-07-06,49.99,paypal,paid
PAY00564,INV00564,CUST0047,2025-08-11,49.99,card,paid
PAY00565,INV00565,CUST0047,2025-09-06,49.99,card,paid
PAY00566,INV00566,CUST0047,2025-10-06,49.99,card,paid
PAY00567,INV00567,CUST0047,2025-11-10,49.99,bank_transfer,paid
PAY00568,INV00568,CUST0047,2025-12-06,49.99,paypal,paid
PAY00569,INV00569,CUST0048,2024-12-08,19.99,card,paid
PAY00570,INV00570,CUST0048,2025-01-07,19.99,card,paid
PAY00571,INV00571,CUST0048,2025-02-07,19.99,card,paid
PAY00572,INV00572,CUST0048,2025-03-07,19.99,paypal,paid
PAY00573,INV00573,CUST0048,2025-04-06,19.99,card,paid
PAY00574,INV00574,CUST0048,2025-05-08,19.99,card,paid
PAY00575,INV00575,CUST0048,2025-06-04,19.99,paypal,paid
PAY00576,INV00576,CUST0048,2025-07-06,19.99,paypal,paid
PAY00577,INV00577,CUST0048,2025-08-09,19.99,bank_transfer,paid
PAY00578,INV00578,CUST0048,2025-09-09,19.99,card,paid
PAY00579,INV00579,CUST0048,2025-10-07,19.99,paypal,paid
PAY00580,INV00580,CUST0048,2025-11-07,19.99,bank_transfer,paid
PAY00581,INV00581,CUST0048,2025-12-06,19.99,paypal,paid
PAY00582,INV00582,CUST0049,2024-07-12,89.99,bank_transfer,paid
PAY00583,INV00583,CUST0049,2024-08-13,89.99,bank_transfer,paid
PAY00584,INV00584,CUST0049,2024-09-11,89.99,paypal,paid
PAY00585,INV00585,CUST0049,2024-10-13,89.99,card,paid
PAY00586,INV00586,CUST0049,2024-11-14,89.99,paypal,paid
PAY00587,INV00587,CUST0049,2024-12-17,0.0,bank_transfer,failed
PAY00588,INV00588,CUST0049,2025-01-10,89.99,paypal,paid
PAY00589,INV00589,CUST0049,2025-02-14,89.99,bank_transfer,paid
PAY00590,INV00590,CUST0049,2025-03-11,89.99,bank_transfer,paid
PAY00591,INV00591,CUST0049,2025-04-14,89.99,card,paid
PAY00592,INV00592,CUST0049,2025-05-15,89.99,paypal,paid
PAY00593,INV00593,CUST0049,2025-06-13,89.99,card,paid
PAY00594,INV00594,CUST0049,2025-07-13,89.99,paypal,paid
PAY00595,INV00595,CUST0049,2025-08-14,89.99,card,paid
PAY00596,INV00596,CUST0049,2025-09-10,89.99,paypal,paid
PAY00597,INV00597,CUST0049,2025-10-11,0.0,bank_transfer,failed
PAY00598,INV00598,CUST0049,2025-11-12,89.99,paypal,paid
PAY00599,INV00599,CUST0049,2025-12-13,89.99,paypal,paid
PAY00600,INV00600,CUST0050,2025-04-14,19.99,card,paid
PAY00601,INV00601,CUST0050,2025-05-13,19.99,card,paid
PAY00602,INV00602,CUST0050,2025-06-12,19.99,paypal,paid
PAY00603,INV00603,CUST0050,2025-07-10,19.99,card,paid
PAY00604,INV00604,CUST0050,2025-08-09,19.99,bank_transfer,paid
PAY00605,INV00605,CUST0050,2025-09-13,19.99,paypal,paid
PAY00606,INV00606,CUST0050,2025-10-10,19.99,paypal,paid
PAY00607,INV00607,CUST0050,2025-11-09,19.99,bank_transfer,paid
PAY00608,INV00608,CUST0051,2025-01-18,19.99,paypal,paid
PAY00609,INV00609,CUST0051,2025-02-17,19.99,card,paid
PAY00610,INV00610,CUST0051,2025-03-17,19.99,card,paid
PAY00611,INV00611,CUST0051,2025-04-15,19.99,bank_transfer,paid
PAY00612,INV00612,CUST0051,2025-05-15,19.99,card,paid
PAY00613,INV00613,CUST0051,2025-06-15,19.99,bank_transfer,paid
PAY00614,INV00614,CUST0051,2025-07-17,19.99,card,paid
PAY00615,INV00615,CUST0051,2025-08-16,19.99,bank_transfer,paid
PAY00616,INV00616,CUST0051,2025-09-14,19.99,bank_transfer,paid
PAY00617,INV00617,CUST0051,2025-10-14,19.99,paypal,paid
PAY00618,INV00618,CUST0051,2025-11-15,19.99,card,paid
PAY00619,INV00619,CUST0051,2025-12-16,19.99,bank_transfer,paid
PAY00620,INV00620,CUST0052,2025-05-20,19.99,paypal,paid
PAY00621,INV00621,CUST0052,2025-06-22,19.99,bank_transfer,paid
PAY00622,INV00622,CUST0052,2025-07-23,19.99,bank_transfer,paid
PAY00623,INV00623,CUST0052,2025-08-23,19.99,paypal,paid
PAY00624,INV00624,CUST0052,2025-09-24,19.99,paypal,paid
PAY00625,INV00625,CUST0052,2025-10-20,0.0,bank_transfer,failed
PAY00626,INV00626,CUST0052,2025-11-20,19.99,paypal,paid
PAY00627,INV00627,CUST0052,2025-12-21,19.99,paypal,paid
PAY00628,INV00628,CUST0053,2024-05-13,49.99,bank_transfer,paid
PAY00629,INV00629,CUST0053,2024-06-10,49.99,card,paid
PAY00630,INV00630,CUST0053,2024-07-13,49.99,paypal,paid
PAY00631,INV00631,CUST0053,2024-08-14,49.99,paypal,paid
PAY00632,INV00632,CUST0053,2024-09-13,49.99,bank_transfer,paid
PAY00633,INV00633,CUST0053,2024-10-12,49.99,card,paid
PAY00634,INV00634,CUST0053,2024-11-10,49.99,bank_transfer,paid
PAY00635,INV00635,CUST0053,2024-12-14,49.99,paypal,paid
PAY00636,INV00636,CUST0053,2025-01-14,49.99,paypal,paid
PAY00637,INV00637,CUST0053,2025-02-11,49.99,bank_transfer,paid
PAY00638,INV00638,CUST0053,2025-03-14,49.99,card,paid
PAY00639,INV00639,CUST0053,2025-04-14,49.99,paypal,paid
PAY00640,INV00640,CUST0053,2025-05-13,49.99,card,paid
PAY00641,INV00641,CUST0053,2025-06-09,49.99,bank_transfer,paid
PAY00642,INV00642,CUST0053,2025-07-14,49.99,paypal,paid
PAY00643,INV00643,CUST0053,2025-08-12,49.99,card,paid
PAY00644,INV00644,CUST0053,2025-09-12,49.99,paypal,paid
PAY00645,INV00645,CUST0053,2025-10-13,49.99,bank_transfer,paid
PAY00646,INV00646,CUST0053,2025-11-11,49.99,bank_transfer,paid
PAY00647,INV00647,CUST0053,2025-12-14,49.99,paypal,paid
PAY00648,INV00648,CUST0054,2024-08-01,19.99,bank_transfer,paid
PAY00649,INV00649,CUST0054,2024-09-02,19.99,bank_transfer,paid
PAY00650,INV00650,CUST0054,2024-10-01,19.99,paypal,paid
PAY00651,INV00651,CUST0054,2024-10-30,19.99,card,paid
PAY00652,INV00652,CUST0054,2024-12-01,19.99,bank_transfer,paid
PAY00653,INV00653,CUST0054,2025-01-04,19.99,paypal,paid
PAY00654,INV00654,CUST0054,2025-02-03,0.0,bank_transfer,failed
PAY00655,INV00655,CUST0054,2025-02-28,19.99,card,paid
PAY00656,INV00656,CUST0055,2024-11-18,19.99,bank_transfer,paid
PAY00657,INV00657,CUST0055,2024-12-19,19.99,paypal,paid
PAY00658,INV00658,CUST0055,2025-01-23,19.99,card,paid
PAY00659,INV00659,CUST0055,2025-02-21,19.99,card,paid
PAY00660,INV00660,CUST0055,2025-03-18,19.99,bank_transfer,paid
PAY00661,INV00661,CUST0055,2025-04-21,19.99,paypal,paid
PAY00662,INV00662,CUST0055,2025-05-23,19.99,card,paid
PAY00663,INV00663,CUST0055,2025-06-23,19.99,bank_transfer,paid
PAY00664,INV00664,CUST0055,2025-07-19,0.0,bank_transfer,failed
PAY00665,INV00665,CUST0055,2025-08-19,19.99,bank_transfer,paid
PAY00666,INV00666,CUST0055,2025-09-21,19.99,paypal,paid
PAY00667,INV00667,CUST0055,2025-10-19,19.99,paypal,paid
PAY00668,INV00668,CUST0055,2025-11-23,19.99,bank_transfer,paid
PAY00669,INV00669,CUST0055,2025-12-18,19.99,paypal,paid
PAY00670,INV00670,CUST0056,2025-03-13,49.99,bank_transfer,paid
PAY00671,INV00671,CUST0056,2025-04-13,49.99,card,paid
PAY00672,INV00672,CUST0056,2025-05-15,49.99,bank_transfer,paid
PAY00673,INV00673,CUST0056,2025-06-16,49.99,bank_transfer,paid
PAY00674,INV00674,CUST0056,2025-07-17,49.99,bank_transfer,paid
PAY00675,INV00675,CUST0056,2025-08-13,49.99,bank_transfer,paid
PAY00676,INV00676,CUST0056,2025-09-15,0.0,bank_transfer,failed
PAY00677,INV00677,CUST0056,2025-10-17,49.99,bank_transfer,paid
PAY00678,INV00678,CUST0056,2025-11-18,49.99,card,paid
PAY00679,INV00679,CUST0056,2025-12-14,49.99,card,paid
PAY00680,INV00680,CUST0057,2025-04-19,19.99,card,paid
PAY00681,INV00681,CUST0057,2025-05-20,19.99,paypal,paid
PAY00682,INV00682,CUST0057,2025-06-24,19.99,paypal,paid
PAY00683,INV00683,CUST0057,2025-07-21,19.99,bank_transfer,paid
PAY00684,INV00684,CUST0057,2025-08-19,19.99,paypal,paid
PAY00685,INV00685,CUST0057,2025-09-19,19.99,paypal,paid
PAY00686,INV00686,CUST0057,2025-10-19,19.99,paypal,paid
PAY00687,INV00687,CUST0057,2025-11-22,19.99,bank_transfer,paid
PAY00688,INV00688,CUST0057,2025-12-19,19.99,bank_transfer,paid
PAY00689,INV00689,CUST0058,2025-06-06,89.99,card,paid
PAY00690,INV00690,CUST0058,2025-07-09,89.99,bank_transfer,paid
PAY00691,INV00691,CUST0058,2025-08-07,89.99,card,paid
PAY00692,INV00692,CUST0058,2025-09-07,89.99,card,paid
PAY00693,INV00693,CUST0058,2025-10-10,89.99,card,paid
PAY00694,INV00694,CUST0058,2025-11-05,89.99,paypal,paid
PAY00695,INV00695,CUST0058,2025-12-07,89.99,paypal,paid
PAY00696,INV00696,CUST0059,2024-01-15,19.99,bank_transfer,paid
PAY00697,INV00697,CUST0059,2024-02-20,0.0,card,failed
PAY00698,INV00698,CUST0059,2024-03-17,19.99,card,paid
PAY00699,INV00699,CUST0059,2024-04-14,0.0,card,failed
PAY00700,INV00700,CUST0059,2024-05-18,19.99,bank_transfer,paid
PAY00701,INV00701,CUST0059,2024-06-14,0.0,bank_transfer,failed
PAY00702,INV00702,CUST0059,2024-07-18,19.99,bank_transfer,paid
PAY00703,INV00703,CUST0059,2024-08-14,19.99,paypal,paid
PAY00704,INV00704,CUST0059,2024-09-14,19.99,bank_transfer,paid
PAY00705,INV00705,CUST0059,2024-10-14,19.99,bank_transfer,paid
PAY00706,INV00706,CUST0059,2024-11-16,19.99,bank_transfer,paid
PAY00707,INV00707,CUST0059,2024-12-14,19.99,bank_transfer,paid
PAY00708,INV00708,CUST0059,2025-01-17,19.99,card,paid
PAY00709,INV00709,CUST0059,2025-02-15,0.0,paypal,failed
PAY00710,INV00710,CUST0059,2025-03-15,19.99,paypal,paid
PAY00711,INV00711,CUST0059,2025-04-15,19.99,paypal,paid
PAY00712,INV00712,CUST0059,2025-05-14,19.99,card,paid
PAY00713,INV00713,CUST0059,2025-06-14,19.99,card,paid
PAY00714,INV00714,CUST0059,2025-07-16,19.99,card,paid
PAY00715,INV00715,CUST0059,2025-08-15,0.0,paypal,failed
PAY00716,INV00716,CUST0059,2025-09-15,19.99,card,paid
PAY00717,INV00717,CUST0059,2025-10-15,19.99,bank_transfer,paid
PAY00718,INV00718,CUST0059,2025-11-15,19.99,card,paid
PAY00719,INV00719,CUST0059,2025-12-15,19.99,paypal,paid
PAY00720,INV00720,CUST0060,2024-07-08,89.99,card,paid
PAY00721,INV00721,CUST0060,2024-08-05,89.99,card,paid
PAY00722,INV00722,CUST0060,2024-09-07,0.0,card,failed
PAY00723,INV00723,CUST0060,2024-10-07,89.99,bank_transfer,paid
PAY00724,INV00724,CUST0060,2024-11-09,89.99,bank_transfer,paid
PAY00725,INV00725,CUST0060,2024-12-05,89.99,card,paid
PAY00726,INV00726,CUST0060,2025-01-06,89.99,card,paid
PAY00727,INV00727,CUST0060,2025-02-07,89.99,card,paid
PAY00728,INV00728,CUST0060,2025-03-09,0.0,bank_transfer,failed
PAY00729,INV00729,CUST0060,2025-04-05,89.99,paypal,paid
PAY00730,INV00730,CUST0060,2025-05-06,89.99,card,paid
PAY00731,INV00731,CUST0060,2025-06-06,89.99,card,paid
PAY00732,INV00732,CUST0060,2025-07-10,89.99,paypal,paid
PAY00733,INV00733,CUST0060,2025-08-08,89.99,card,paid
PAY00734,INV00734,CUST0060,2025-09-08,89.99,card,paid
PAY00735,INV00735,CUST0060,2025-10-06,89.99,bank_transfer,paid
PAY00736,INV00736,CUST0060,2025-11-05,89.99,paypal,paid
PAY00737,INV00737,CUST0060,2025-12-09,89.99,paypal,paid
PAY00738,INV00738,CUST0061,2024-12-02,19.99,card,paid
PAY00739,INV00739,CUST0061,2025-01-01,19.99,bank_transfer,paid
PAY00740,INV00740,CUST0061,2025-01-31,0.0,card,failed
PAY00741,INV00741,CUST0061,2025-03-02,19.99,bank_transfer,paid
PAY00742,INV00742,CUST0061,2025-03-30,19.99,card,paid
PAY00743,INV00743,CUST0061,2025-05-04,0.0,paypal,failed
PAY00744,INV00744,CUST0061,2025-06-06,0.0,card,failed
PAY00745,INV00745,CUST0061,2025-07-04,19.99,paypal,paid
PAY00746,INV00746,CUST0061,2025-08-03,19.99,card,paid
PAY00747,INV00747,CUST0061,2025-09-03,19.99,bank_transfer,paid
PAY00748,INV00748,CUST0061,2025-10-07,0.0,paypal,failed
PAY00749,INV00749,CUST0061,2025-10-31,19.99,paypal,paid
PAY00750,INV00750,CUST0061,2025-12-03,19.99,card,paid
PAY00751,INV00751,CUST0061,2025-12-31,19.99,paypal,paid
PAY00752,INV00752,CUST0062,2024-01-27,49.99,card,paid
PAY00753,INV00753,CUST0062,2024-02-29,0.0,bank_transfer,failed
PAY00754,INV00754,CUST0062,2024-03-27,49.99,paypal,paid
PAY00755,INV00755,CUST0062,2024-04-28,49.99,bank_transfer,paid
PAY00756,INV00756,CUST0062,2024-05-26,49.99,bank_transfer,paid
PAY00757,INV00757,CUST0062,2024-06-29,49.99,paypal,paid
PAY00758,INV00758,CUST0062,2024-07-26,49.99,paypal,paid
PAY00759,INV00759,CUST0062,2024-08-26,49.99,card,paid
PAY00760,INV00760,CUST0062,2024-09-30,0.0,paypal,failed
PAY00761,INV00761,CUST0062,2024-10-29,49.99,card,paid
PAY00762,INV00762,CUST0062,2024-11-29,49.99,card,paid
PAY00763,INV00763,CUST0062,2024-12-28,49.99,card,paid
PAY00764,INV00764,CUST0062,2025-01-27,49.99,paypal,paid
PAY00765,INV00765,CUST0062,2025-02-25,49.99,bank_transfer,paid
PAY00766,INV00766,CUST0062,2025-03-27,49.99,paypal,paid
PAY00767,INV00767,CUST0062,2025-04-25,49.99,bank_transfer,paid
PAY00768,INV00768,CUST0062,2025-05-29,0.0,paypal,failed
PAY00769,INV00769,CUST0062,2025-06-27,49.99,bank_transfer,paid
PAY00770,INV00770,CUST0062,2025-07-29,49.99,bank_transfer,paid
PAY00771,INV00771,CUST0062,2025-08-28,49.99,card,paid
PAY00772,INV00772,CUST0062,2025-09-25,49.99,paypal,paid
PAY00773,INV00773,CUST0062,2025-10-27,49.99,card,paid
PAY00774,INV00774,CUST0062,2025-11-25,49.99,bank_transfer,paid
PAY00775,INV00775,CUST0062,2025-12-28,0.0,bank_transfer,failed
PAY00776,INV00776,CUST0063,2024-02-08,49.99,paypal,paid
PAY00777,INV00777,CUST0063,2024-03-12,49.99,bank_transfer,paid
PAY00778,INV00778,CUST0063,2024-04-08,49.99,card,paid
PAY00779,INV00779,CUST0063,2024-05-09,49.99,card,paid
PAY00780,INV00780,CUST0064,2025-05-12,0.0,card,failed
PAY00781,INV00781,CUST0064,2025-06-11,19.99,paypal,paid
PAY00782,INV00782,CUST0064,2025-07-08,19.99,bank_transfer,paid
PAY00783,INV00783,CUST0064,2025-08-11,19.99,paypal,paid
PAY00784,INV00784,CUST0064,2025-09-11,19.99,paypal,paid
PAY00785,INV00785,CUST0064,2025-10-12,19.99,card,paid
PAY00786,INV00786,CUST0064,2025-11-08,19.99,card,paid
PAY00787,INV00787,CUST0064,2025-12-11,19.99,bank_transfer,paid
PAY00788,INV00788,CUST0065,2025-06-28,49.99,card,paid
PAY00789,INV00789,CUST0065,2025-07-26,49.99,bank_transfer,paid
PAY00790,INV00790,CUST0065,2025-08-30,49.99,bank_transfer,paid
PAY00791,INV00791,CUST0065,2025-09-29,49.99,card,paid
PAY00792,INV00792,CUST0065,2025-10-27,49.99,card,paid
PAY00793,INV00793,CUST0065,2025-12-01,49.99,paypal,paid
PAY00794,INV00794,CUST0065,2025-12-27,49.99,bank_transfer,paid
PAY00795,INV00795,CUST0066,2025-02-05,49.99,bank_transfer,paid
PAY00796,INV00796,CUST0066,2025-03-08,49.99,card,paid
PAY00797,INV00797,CUST0066,2025-04-09,49.99,bank_transfer,paid
PAY00798,INV00798,CUST0066,2025-05-06,0.0,bank_transfer,failed
PAY00799,INV00799,CUST0066,2025-06-07,49.99,bank_transfer,paid
PAY00800,INV00800,CUST0066,2025-07-07,49.99,paypal,paid
PAY00801,INV00801,CUST0066,2025-08-08,49.99,card,paid
PAY00802,INV00802,CUST0066,2025-09-09,49.99,bank_transfer,paid
PAY00803,INV00803,CUST0066,2025-10-08,49.99,paypal,paid
PAY00804,INV00804,CUST0066,2025-11-08,49.99,paypal,paid
PAY00805,INV00805,CUST0066,2025-12-07,49.99,paypal,paid
PAY00806,INV00806,CUST0067,2024-04-22,19.99,paypal,paid
PAY00807,INV00807,CUST0067,2024-05-20,19.99,card,paid
PAY00808,INV00808,CUST0067,2024-06-20,19.99,bank_transfer,paid
PAY00809,INV00809,CUST0067,2024-07-21,19.99,card,paid
PAY00810,INV00810,CUST0067,2024-08-20,19.99,card,paid
PAY00811,INV00811,CUST0067,2024-09-21,19.99,card,paid
PAY00812,INV00812,CUST0067,2024-10-18,19.99,card,paid
PAY00813,INV00813,CUST0067,2024-11-19,19.99,bank_transfer,paid
PAY00814,INV00814,CUST0067,2024-12-20,19.99,bank_transfer,paid
PAY00815,INV00815,CUST0067,2025-01-23,0.0,card,failed
PAY00816,INV00816,CUST0067,2025-02-20,19.99,bank_transfer,paid
PAY00817,INV00817,CUST0067,2025-03-21,0.0,bank_transfer,failed
PAY00818,INV00818,CUST0067,2025-04-19,19.99,card,paid
PAY00819,INV00819,CUST0067,2025-05-22,19.99,card,paid
PAY00820,INV00820,CUST0067,2025-06-18,19.99,bank_transfer,paid
PAY00821,INV00821,CUST0067,2025-07-18,19.99,bank_transfer,paid
PAY00822,INV00822,CUST0067,2025-08-22,19.99,paypal,paid
PAY00823,INV00823,CUST0067,2025-09-22,19.99,card,paid
PAY00824,INV00824,CUST0067,2025-10-18,19.99,bank_transfer,paid
PAY00825,INV00825,CUST0067,2025-11-21,19.99,paypal,paid
PAY00826,INV00826,CUST0067,2025-12-19,19.99,paypal,paid
PAY00827,INV00827,CUST0068,2024-09-23,19.99,card,paid
PAY00828,INV00828,CUST0068,2024-10-25,19.99,bank_transfer,paid
PAY00829,INV00829,CUST0068,2024-11-25,19.99,bank_transfer,paid
PAY00830,INV00830,CUST0068,2024-12-25,19.99,bank_transfer,paid
PAY00831,INV00831,CUST0068,2025-01-28,19.99,bank_transfer,paid
PAY00832,INV00832,CUST0068,2025-02-24,19.99,card,paid
PAY00833,INV00833,CUST0068,2025-03-23,19.99,bank_transfer,paid
PAY00834,INV00834,CUST0068,2025-04-24,19.99,bank_transfer,paid
PAY00835,INV00835,CUST0068,2025-05-26,19.99,paypal,paid
PAY00836,INV00836,CUST0068,2025-06-27,19.99,card,paid
PAY00837,INV00837,CUST0068,2025-07-28,19.99,bank_transfer,paid
PAY00838,INV00838,CUST0068,2025-08-28,19.99,paypal,paid
PAY00839,INV00839,CUST0068,2025-09-28,19.99,bank_transfer,paid
PAY00840,INV00840,CUST0068,2025-10-24,19.99,bank_transfer,paid
PAY00841,INV00841,CUST0068,2025-11-24,19.99,bank_transfer,paid
PAY00842,INV00842,CUST0068,2025-12-24,19.99,paypal,paid
PAY00843,INV00843,CUST0069,2024-12-17,49.99,bank_transfer,paid
PAY00844,INV00844,CUST0069,2025-01-15,49.99,card,paid
PAY00845,INV00845,CUST0069,2025-02-15,49.99,bank_transfer,paid
PAY00846,INV00846,CUST0069,2025-03-13,49.99,card,paid
PAY00847,INV00847,CUST0069,2025-04-16,49.99,paypal,paid
PAY00848,INV00848,CUST0069,2025-05-13,49.99,card,paid
PAY00849,INV00849,CUST0069,2025-06-13,49.99,paypal,paid
PAY00850,INV00850,CUST0069,2025-07-14,49.99,card,paid
PAY00851,INV00851,CUST0069,2025-08-13,49.99,paypal,paid
PAY00852,INV00852,CUST0069,2025-09-13,49.99,bank_transfer,paid
PAY00853,INV00853,CUST0069,2025-10-15,49.99,paypal,paid
PAY00854,INV00854,CUST0069,2025-11-13,49.99,bank_transfer,paid
PAY00855,INV00855,CUST0069,2025-12-14,49.99,bank_transfer,paid
PAY00856,INV00856,CUST0070,2024-09-13,19.99,card,paid
PAY00857,INV00857,CUST0070,2024-10-14,19.99,paypal,paid
PAY00858,INV00858,CUST0070,2024-11-14,19.99,paypal,paid
PAY00859,INV00859,CUST0070,2024-12-15,0.0,paypal,failed
PAY00860,INV00860,CUST0070,2025-01-13,19.99,card,paid
PAY00861,INV00861,CUST0070,2025-02-15,19.99,card,paid
PAY00862,INV00862,CUST0070,2025-03-13,19.99,card,paid
PAY00863,INV00863,CUST0070,2025-04-13,19.99,card,paid
PAY00864,INV00864,CUST0070,2025-05-12,19.99,paypal,paid
PAY00865,INV00865,CUST0070,2025-06-16,19.99,bank_transfer,paid
PAY00866,INV00866,CUST0070,2025-07-12,19.99,paypal,paid
PAY00867,INV00867,CUST0070,2025-08-14,19.99,paypal,paid
PAY00868,INV00868,CUST0070,2025-09-17,19.99,bank_transfer,paid
PAY00869,INV00869,CUST0070,2025-10-17,19.99,card,paid
PAY00870,INV00870,CUST0070,2025-11-16,19.99,bank_transfer,paid
PAY00871,INV00871,CUST0070,2025-12-12,19.99,paypal,paid
PAY00872,INV00872,CUST0071,2025-06-24,49.99,bank_transfer,paid
PAY00873,INV00873,CUST0071,2025-07-23,49.99,card,paid
PAY00874,INV00874,CUST0071,2025-08-27,49.99,bank_transfer,paid
PAY00875,INV00875,CUST0071,2025-09-30,0.0,bank_transfer,failed
PAY00876,INV00876,CUST0071,2025-10-28,49.99,card,paid
PAY00877,INV00877,CUST0071,2025-11-26,49.99,paypal,paid
PAY00878,INV00878,CUST0071,2025-12-24,49.99,card,paid
PAY00879,INV00879,CUST0072,2024-11-17,19.99,paypal,paid
PAY00880,INV00880,CUST0072,2024-12-20,19.99,paypal,paid
PAY00881,INV00881,CUST0072,2025-01-18,19.99,card,paid
PAY00882,INV00882,CUST0072,2025-02-19,19.99,paypal,paid
PAY00883,INV00883,CUST0072,2025-03-19,19.99,paypal,paid
PAY00884,INV00884,CUST0073,2024-05-27,19.99,card,paid
PAY00885,INV00885,CUST0073,2024-06-28,19.99,card,paid
PAY00886,INV00886,CUST0073,2024-07-29,19.99,card,paid
PAY00887,INV00887,CUST0073,2024-08-27,19.99,paypal,paid
PAY00888,INV00888,CUST0073,2024-09-29,19.99,bank_transfer,paid
PAY00889,INV00889,CUST0073,2024-10-28,19.99,card,paid
PAY00890,INV00890,CUST0073,2024-11-26,19.99,bank_transfer,paid
PAY00891,INV00891,CUST0073,2024-12-24,19.99,paypal,paid
PAY00892,INV00892,CUST0073,2025-01-26,19.99,bank_transfer,paid
PAY00893,INV00893,CUST0073,2025-02-28,19.99,bank_transfer,paid
PAY00894,INV00894,CUST0073,2025-03-25,19.99,card,paid
PAY00895,INV00895,CUST0073,2025-04-26,19.99,paypal,paid
PAY00896,INV00896,CUST0073,2025-05-25,19.99,card,paid
PAY00897,INV00897,CUST0073,2025-06-27,19.99,card,paid
PAY00898,INV00898,CUST0073,2025-07-24,19.99,paypal,paid
PAY00899,INV00899,CUST0073,2025-08-27,19.99,paypal,paid
PAY00900,INV00900,CUST0073,2025-09-28,19.99,bank_transfer,paid
PAY00901,INV00901,CUST0073,2025-10-25,19.99,bank_transfer,paid
PAY00902,INV00902,CUST0073,2025-11-27,0.0,card,failed
PAY00903,INV00903,CUST0073,2025-12-27,19.99,paypal,paid
PAY00904,INV00904,CUST0074,2025-05-14,19.99,paypal,paid
PAY00905,INV00905,CUST0074,2025-06-09,19.99,card,paid
PAY00906,INV00906,CUST0074,2025-07-14,19.99,bank_transfer,paid
PAY00907,INV00907,CUST0074,2025-08-13,19.99,card,paid
PAY00908,INV00908,CUST0074,2025-09-13,0.0,card,failed
PAY00909,INV00909,CUST0074,2025-10-10,19.99,bank_transfer,paid
PAY00910,INV00910,CUST0074,2025-11-09,19.99,bank_transfer,paid
PAY00911,INV00911,CUST0074,2025-12-12,19.99,paypal,paid
PAY00912,INV00912,CUST0075,2025-06-05,49.99,bank_transfer,paid
PAY00913,INV00913,CUST0075,2025-07-07,49.99,bank_transfer,paid
PAY00914,INV00914,CUST0075,2025-08-02,49.99,paypal,paid
PAY00915,INV00915,CUST0075,2025-09-04,49.99,bank_transfer,paid
PAY00916,INV00916,CUST0075,2025-10-06,49.99,bank_transfer,paid
PAY00917,INV00917,CUST0075,2025-11-04,49.99,paypal,paid
PAY00918,INV00918,CUST0075,2025-12-05,49.99,bank_transfer,paid
PAY00919,INV00919,CUST0076,2024-12-01,19.99,card,paid
PAY00920,INV00920,CUST0076,2024-12-27,19.99,bank_transfer,paid
PAY00921,INV00921,CUST0076,2025-01-31,19.99,card,paid
PAY00922,INV00922,CUST0076,2025-03-02,19.99,bank_transfer,paid
PAY00923,INV00923,CUST0076,2025-03-31,19.99,bank_transfer,paid
PAY00924,INV00924,CUST0076,2025-04-29,19.99,card,paid
PAY00925,INV00925,CUST0076,2025-05-27,19.99,card,paid
PAY00926,INV00926,CUST0076,2025-06-27,19.99,paypal,paid
PAY00927,INV00927,CUST0076,2025-07-26,19.99,bank_transfer,paid
PAY00928,INV00928,CUST0076,2025-08-30,19.99,card,paid
PAY00929,INV00929,CUST0076,2025-09-30,19.99,bank_transfer,paid
PAY00930,INV00930,CUST0076,2025-10-31,19.99,bank_transfer,paid
PAY00931,INV00931,CUST0076,2025-12-01,19.99,paypal,paid
PAY00932,INV00932,CUST0076,2025-12-29,19.99,paypal,paid
PAY00933,INV00933,CUST0077,2024-03-08,19.99,bank_transfer,paid
PAY00934,INV00934,CUST0077,2024-04-07,19.99,bank_transfer,paid
PAY00935,INV00935,CUST0077,2024-05-04,19.99,paypal,paid
PAY00936,INV00936,CUST0077,2024-06-04,0.0,card,failed
PAY00937,INV00937,CUST0077,2024-07-09,0.0,bank_transfer,failed
PAY00938,INV00938,CUST0077,2024-08-03,19.99,paypal,paid
PAY00939,INV00939,CUST0077,2024-09-04,19.99,bank_transfer,paid
PAY00940,INV00940,CUST0077,2024-10-06,19.99,bank_transfer,paid
PAY00941,INV00941,CUST0077,2024-11-05,19.99,bank_transfer,paid
PAY00942,INV00942,CUST0077,2024-12-07,19.99,paypal,paid
PAY00943,INV00943,CUST0077,2025-01-07,19.99,card,paid
PAY00944,INV00944,CUST0077,2025-02-07,19.99,card,paid
PAY00945,INV00945,CUST0077,2025-03-03,19.99,paypal,paid
PAY00946,INV00946,CUST0077,2025-04-05,19.99,paypal,paid
PAY00947,INV00947,CUST0077,2025-05-07,19.99,bank_transfer,paid
PAY00948,INV00948,CUST0077,2025-06-08,19.99,card,paid
PAY00949,INV00949,CUST0077,2025-07-04,19.99,bank_transfer,paid
PAY00950,INV00950,CUST0077,2025-08-03,19.99,bank_transfer,paid
PAY00951,INV00951,CUST0077,2025-09-03,19.99,paypal,paid
PAY00952,INV00952,CUST0077,2025-10-03,19.99,bank_transfer,paid
PAY00953,INV00953,CUST0077,2025-11-07,19.99,paypal,paid
PAY00954,INV00954,CUST0077,2025-12-08,19.99,card,paid
PAY00955,INV00955,CUST0078,2024-06-24,19.99,card,paid
PAY00956,INV00956,CUST0078,2024-07-26,19.99,paypal,paid
PAY00957,INV00957,CUST0078,2024-08-27,0.0,bank_transfer,failed
PAY00958,INV00958,CUST0078,2024-09-24,19.99,bank_transfer,paid
PAY00959,INV00959,CUST0078,2024-10-21,19.99,card,paid
PAY00960,INV00960,CUST0078,2024-11-25,19.99,card,paid
PAY00961,INV00961,CUST0079,2025-04-17,19.99,bank_transfer,paid
PAY00962,INV00962,CUST0079,2025-05-16,19.99,card,paid
PAY00963,INV00963,CUST0079,2025-06-16,19.99,card,paid
PAY00964,INV00964,CUST0079,2025-07-16,19.99,card,paid
PAY00965,INV00965,CUST0079,2025-08-16,0.0,paypal,failed
PAY00966,INV00966,CUST0079,2025-09-12,19.99,paypal,paid
PAY00967,INV00967,CUST0079,2025-10-17,19.99,paypal,paid
PAY00968,INV00968,CUST0079,2025-11-14,19.99,bank_transfer,paid
PAY00969,INV00969,CUST0079,2025-12-17,19.99,bank_transfer,paid
PAY00970,INV00970,CUST0080,2024-06-02,19.99,paypal,paid
PAY00971,INV00971,CUST0080,2024-07-07,19.99,paypal,paid
PAY00972,INV00972,CUST0080,2024-08-06,19.99,card,paid
PAY00973,INV00973,CUST0080,2024-09-04,19.99,card,paid
PAY00974,INV00974,CUST0080,2024-10-06,19.99,card,paid
PAY00975,INV00975,CUST0080,2024-11-07,0.0,paypal,failed
PAY00976,INV00976,CUST0080,2024-12-02,19.99,paypal,paid
PAY00977,INV00977,CUST0080,2025-01-03,19.99,bank_transfer,paid
PAY00978,INV00978,CUST0080,2025-02-05,0.0,card,failed
PAY00979,INV00979,CUST0080,2025-03-03,19.99,card,paid
PAY00980,INV00980,CUST0080,2025-04-03,19.99,paypal,paid
PAY00981,INV00981,CUST0080,2025-05-07,19.99,paypal,paid
PAY00982,INV00982,CUST0080,2025-06-06,19.99,paypal,paid
PAY00983,INV00983,CUST0080,2025-07-04,0.0,card,failed
PAY00984,INV00984,CUST0080,2025-08-03,19.99,bank_transfer,paid
PAY00985,INV00985,CUST0080,2025-09-04,19.99,card,paid
PAY00986,INV00986,CUST0080,2025-10-05,19.99,paypal,paid
PAY00987,INV00987,CUST0080,2025-11-05,19.99,bank_transfer,paid
PAY00988,INV00988,CUST0080,2025-12-02,19.99,paypal,paid
PAY00989,INV00989,CUST0081,2024-07-24,49.99,bank_transfer,paid
PAY00990,INV00990,CUST0081,2024-08-20,49.99,bank_transfer,paid
PAY00991,INV00991,CUST0081,2024-09-24,49.99,paypal,paid
PAY00992,INV00992,CUST0081,2024-10-23,49.99,card,paid
PAY00993,INV00993,CUST0081,2024-11-22,49.99,card,paid
PAY00994,INV00994,CUST0081,2024-12-23,49.99,paypal,paid
PAY00995,INV00995,CUST0081,2025-01-24,49.99,bank_transfer,paid
PAY00996,INV00996,CUST0081,2025-02-23,49.99,card,paid
PAY00997,INV00997,CUST0081,2025-03-26,0.0,card,failed
PAY00998,INV00998,CUST0081,2025-04-23,49.99,paypal,paid
PAY00999,INV00999,CUST0081,2025-05-21,49.99,card,paid
PAY01000,INV01000,CUST0081,2025-06-22,49.99,paypal,paid
PAY01001,INV01001,CUST0081,2025-07-20,49.99,card,paid
PAY01002,INV01002,CUST0081,2025-08-25,49.99,bank_transfer,paid
PAY01003,INV01003,CUST0081,2025-09-25,49.99,paypal,paid
PAY01004,INV01004,CUST0081,2025-10-23,49.99,bank_transfer,paid
PAY01005,INV01005,CUST0081,2025-11-20,49.99,bank_transfer,paid
PAY01006,INV01006,CUST0081,2025-12-22,0.0,bank_transfer,failed
PAY01007,INV01007,CUST0082,2024-12-20,89.99,card,paid
PAY01008,INV01008,CUST0082,2025-01-20,89.99,card,paid
PAY01009,INV01009,CUST0082,2025-02-24,89.99,card,paid
PAY01010,INV01010,CUST0082,2025-03-21,89.99,bank_transfer,paid
PAY01011,INV01011,CUST0082,2025-04-22,89.99,card,paid
PAY01012,INV01012,CUST0082,2025-05-22,89.99,card,paid
PAY01013,INV01013,CUST0082,2025-06-23,89.99,card,paid
PAY01014,INV01014,CUST0082,2025-07-23,89.99,card,paid
PAY01015,INV01015,CUST0082,2025-08-23,89.99,bank_transfer,paid
PAY01016,INV01016,CUST0082,2025-09-23,89.99,paypal,paid
PAY01017,INV01017,CUST0082,2025-10-22,89.99,bank_transfer,paid
PAY01018,INV01018,CUST0082,2025-11-20,89.99,bank_transfer,paid
PAY01019,INV01019,CUST0082,2025-12-24,89.99,bank_transfer,paid
PAY01020,INV01020,CUST0083,2024-03-16,19.99,bank_transfer,paid
PAY01021,INV01021,CUST0083,2024-04-12,19.99,card,paid
PAY01022,INV01022,CUST0083,2024-05-12,19.99,bank_transfer,paid
PAY01023,INV01023,CUST0083,2024-06-15,19.99,bank_transfer,paid
PAY01024,INV01024,CUST0083,2024-07-12,19.99,bank_transfer,paid
PAY01025,INV01025,CUST0083,2024-08-14,19.99,card,paid
PAY01026,INV01026,CUST0083,2024-09-15,19.99,paypal,paid
PAY01027,INV01027,CUST0083,2024-10-17,19.99,bank_transfer,paid
PAY01028,INV01028,CUST0083,2024-11-15,19.99,card,paid
PAY01029,INV01029,CUST0083,2024-12-16,19.99,bank_transfer,paid
PAY01030,INV01030,CUST0083,2025-01-17,19.99,bank_transfer,paid
PAY01031,INV01031,CUST0084,2024-05-05,19.99,card,paid
PAY01032,INV01032,CUST0084,2024-06-05,19.99,paypal,paid
PAY01033,INV01033,CUST0084,2024-07-05,19.99,bank_transfer,paid
PAY01034,INV01034,CUST0084,2024-08-04,19.99,paypal,paid
PAY01035,INV01035,CUST0084,2024-09-04,19.99,paypal,paid
PAY01036,INV01036,CUST0084,2024-10-05,19.99,bank_transfer,paid
PAY01037,INV01037,CUST0084,2024-11-08,19.99,card,paid
PAY01038,INV01038,CUST0084,2024-12-08,19.99,card,paid
PAY01039,INV01039,CUST0084,2025-01-04,19.99,card,paid
PAY01040,INV01040,CUST0084,2025-02-05,19.99,bank_transfer,paid
PAY01041,INV01041,CUST0084,2025-03-03,19.99,card,paid
PAY01042,INV01042,CUST0084,2025-04-03,19.99,card,paid
PAY01043,INV01043,CUST0084,2025-05-03,19.99,card,paid
PAY01044,INV01044,CUST0084,2025-06-07,19.99,card,paid
PAY01045,INV01045,CUST0084,2025-07-07,0.0,bank_transfer,failed
PAY01046,INV01046,CUST0084,2025-08-05,19.99,bank_transfer,paid
PAY01047,INV01047,CUST0084,2025-09-04,19.99,bank_transfer,paid
PAY01048,INV01048,CUST0084,2025-10-08,19.99,bank_transfer,paid
PAY01049,INV01049,CUST0084,2025-11-07,19.99,bank_transfer,paid
PAY01050,INV01050,CUST0084,2025-12-04,19.99,bank_transfer,paid
PAY01051,INV01051,CUST0085,2025-02-16,19.99,card,paid
PAY01052,INV01052,CUST0085,2025-03-20,19.99,bank_transfer,paid
PAY01053,INV01053,CUST0085,2025-04-19,0.0,card,failed
PAY01054,INV01054,CUST0085,2025-05-17,19.99,paypal,paid
PAY01055,INV01055,CUST0085,2025-06-18,19.99,card,paid
PAY01056,INV01056,CUST0085,2025-07-16,19.99,bank_transfer,paid
PAY01057,INV01057,CUST0085,2025-08-23,0.0,bank_transfer,failed
PAY01058,INV01058,CUST0085,2025-09-21,0.0,bank_transfer,failed
PAY01059,INV01059,CUST0085,2025-10-19,19.99,paypal,paid
PAY01060,INV01060,CUST0085,2025-11-18,19.99,paypal,paid
PAY01061,INV01061,CUST0085,2025-12-16,19.99,paypal,paid
PAY01062,INV01062,CUST0086,2024-08-20,19.99,card,paid
PAY01063,INV01063,CUST0086,2024-09-23,19.99,paypal,paid
PAY01064,INV01064,CUST0086,2024-10-22,0.0,paypal,failed
PAY01065,INV01065,CUST0086,2024-11-22,19.99,paypal,paid
PAY01066,INV01066,CUST0086,2024-12-19,19.99,paypal,paid
PAY01067,INV01067,CUST0086,2025-01-19,19.99,paypal,paid
PAY01068,INV01068,CUST0086,2025-02-19,19.99,bank_transfer,paid
PAY01069,INV01069,CUST0086,2025-03-18,19.99,card,paid
PAY01070,INV01070,CUST0086,2025-04-22,19.99,card,paid
PAY01071,INV01071,CUST0086,2025-05-18,19.99,paypal,paid
PAY01072,INV01072,CUST0086,2025-06-22,19.99,paypal,paid
PAY01073,INV01073,CUST0086,2025-07-23,0.0,paypal,failed
PAY01074,INV01074,CUST0086,2025-08-22,19.99,card,paid
PAY01075,INV01075,CUST0086,2025-09-21,19.99,bank_transfer,paid
PAY01076,INV01076,CUST0086,2025-10-18,19.99,bank_transfer,paid
PAY01077,INV01077,CUST0086,2025-11-18,19.99,card,paid
PAY01078,INV01078,CUST0086,2025-12-18,19.99,paypal,paid
PAY01079,INV01079,CUST0087,2024-10-08,19.99,card,paid
PAY01080,INV01080,CUST0087,2024-11-07,19.99,paypal,paid
PAY01081,INV01081,CUST0087,2024-12-06,19.99,bank_transfer,paid
PAY01082,INV01082,CUST0087,2025-01-10,19.99,paypal,paid
PAY01083,INV01083,CUST0087,2025-02-08,19.99,card,paid
PAY01084,INV01084,CUST0087,2025-03-07,0.0,paypal,failed
PAY01085,INV01085,CUST0087,2025-04-06,19.99,paypal,paid
PAY01086,INV01086,CUST0087,2025-05-12,0.0,bank_transfer,failed
PAY01087,INV01087,CUST0087,2025-06-10,19.99,paypal,paid
PAY01088,INV01088,CUST0087,2025-07-09,19.99,bank_transfer,paid
PAY01089,INV01089,CUST0087,2025-08-07,19.99,paypal,paid
PAY01090,INV01090,CUST0087,2025-09-10,19.99,paypal,paid
PAY01091,INV01091,CUST0087,2025-10-09,19.99,paypal,paid
PAY01092,INV01092,CUST0087,2025-11-07,19.99,bank_transfer,paid
PAY01093,INV01093,CUST0087,2025-12-09,19.99,bank_transfer,paid
PAY01094,INV01094,CUST0088,2025-01-07,19.99,paypal,paid
PAY01095,INV01095,CUST0088,2025-02-06,19.99,bank_transfer,paid
PAY01096,INV01096,CUST0088,2025-03-10,19.99,bank_transfer,paid
PAY01097,INV01097,CUST0088,2025-04-05,19.99,card,paid
PAY01098,INV01098,CUST0088,2025-05-07,19.99,bank_transfer,paid
PAY01099,INV01099,CUST0088,2025-06-10,19.99,paypal,paid
PAY01100,INV01100,CUST0088,2025-07-07,19.99,bank_transfer,paid
PAY01101,INV01101,CUST0088,2025-08-09,0.0,card,failed
PAY01102,INV01102,CUST0088,2025-09-05,19.99,card,paid
PAY01103,INV01103,CUST0088,2025-10-10,19.99,bank_transfer,paid
PAY01104,INV01104,CUST0088,2025-11-08,19.99,card,paid
PAY01105,INV01105,CUST0088,2025-12-09,0.0,bank_transfer,failed
PAY01106,INV01106,CUST0089,2025-02-20,19.99,bank_transfer,paid
PAY01107,INV01107,CUST0089,2025-03-20,19.99,bank_transfer,paid
PAY01108,INV01108,CUST0089,2025-04-24,19.99,paypal,paid
PAY01109,INV01109,CUST0089,2025-05-22,19.99,paypal,paid
PAY01110,INV01110,CUST0089,2025-06-21,19.99,bank_transfer,paid
PAY01111,INV01111,CUST0089,2025-07-25,0.0,bank_transfer,failed
PAY01112,INV01112,CUST0089,2025-08-23,19.99,paypal,paid
PAY01113,INV01113,CUST0089,2025-09-23,19.99,paypal,paid
PAY01114,INV01114,CUST0089,2025-10-21,19.99,paypal,paid
PAY01115,INV01115,CUST0090,2025-03-31,19.99,paypal,paid
PAY01116,INV01116,CUST0090,2025-05-05,19.99,paypal,paid
PAY01117,INV01117,CUST0090,2025-05-30,19.99,paypal,paid
PAY01118,INV01118,CUST0090,2025-06-30,19.99,bank_transfer,paid
PAY01119,INV01119,CUST0090,2025-08-03,19.99,paypal,paid
PAY01120,INV01120,CUST0090,2025-09-04,19.99,bank_transfer,paid
PAY01121,INV01121,CUST0090,2025-10-02,19.99,card,paid
PAY01122,INV01122,CUST0090,2025-11-03,19.99,bank_transfer,paid
PAY01123,INV01123,CUST0090,2025-12-05,19.99,bank_transfer,paid
PAY01124,INV01124,CUST0090,2025-12-30,19.99,card,paid
PAY01125,INV01125,CUST0091,2025-04-21,19.99,card,paid
PAY01126,INV01126,CUST0091,2025-05-20,19.99,paypal,paid
PAY01127,INV01127,CUST0091,2025-06-25,19.99,card,paid
PAY01128,INV01128,CUST0091,2025-07-23,19.99,card,paid
PAY01129,INV01129,CUST0091,2025-08-23,19.99,paypal,paid
PAY01130,INV01130,CUST0091,2025-09-22,19.99,card,paid
PAY01131,INV01131,CUST0091,2025-10-21,0.0,paypal,failed
PAY01132,INV01132,CUST0091,2025-11-20,19.99,bank_transfer,paid
PAY01133,INV01133,CUST0091,2025-12-22,19.99,paypal,paid
PAY01134,INV01134,CUST0092,2024-09-12,19.99,paypal,paid
PAY01135,INV01135,CUST0092,2024-10-14,0.0,card,failed
PAY01136,INV01136,CUST0092,2024-11-11,19.99,bank_transfer,paid
PAY01137,INV01137,CUST0092,2024-12-13,19.99,paypal,paid
PAY01138,INV01138,CUST0093,2024-03-02,19.99,bank_transfer,paid
PAY01139,INV01139,CUST0093,2024-03-29,19.99,card,paid
PAY01140,INV01140,CUST0093,2024-05-04,19.99,bank_transfer,paid
PAY01141,INV01141,CUST0093,2024-05-30,19.99,card,paid
PAY01142,INV01142,CUST0093,2024-07-01,19.99,bank_transfer,paid
PAY01143,INV01143,CUST0093,2024-07-30,19.99,bank_transfer,paid
PAY01144,INV01144,CUST0093,2024-09-01,19.99,card,paid
PAY01145,INV01145,CUST0093,2024-10-04,19.99,paypal,paid
PAY01146,INV01146,CUST0093,2024-10-30,19.99,card,paid
PAY01147,INV01147,CUST0093,2024-11-30,19.99,paypal,paid
PAY01148,INV01148,CUST0093,2025-01-01,19.99,bank_transfer,paid
PAY01149,INV01149,CUST0093,2025-01-30,19.99,bank_transfer,paid
PAY01150,INV01150,CUST0093,2025-03-05,19.99,paypal,paid
PAY01151,INV01151,CUST0093,2025-04-02,19.99,card,paid
PAY01152,INV01152,CUST0093,2025-05-01,19.99,paypal,paid
PAY01153,INV01153,CUST0093,2025-06-03,19.99,bank_transfer,paid
PAY01154,INV01154,CUST0093,2025-06-29,19.99,bank_transfer,paid
PAY01155,INV01155,CUST0093,2025-07-30,19.99,paypal,paid
PAY01156,INV01156,CUST0093,2025-09-02,19.99,paypal,paid
PAY01157,INV01157,CUST0093,2025-10-03,19.99,card,paid
PAY01158,INV01158,CUST0093,2025-11-03,19.99,paypal,paid
PAY01159,INV01159,CUST0093,2025-11-29,19.99,card,paid
PAY01160,INV01160,CUST0093,2025-12-29,19.99,card,paid
PAY01161,INV01161,CUST0094,2024-02-10,49.99,paypal,paid
PAY01162,INV01162,CUST0094,2024-03-10,49.99,card,paid
PAY01163,INV01163,CUST0094,2024-04-17,0.0,card,failed
PAY01164,INV01164,CUST0094,2024-05-15,49.99,card,paid
PAY01165,INV01165,CUST0094,2024-06-13,49.99,paypal,paid
PAY01166,INV01166,CUST0094,2024-07-14,49.99,paypal,paid
PAY01167,INV01167,CUST0094,2024-08-12,49.99,card,paid
PAY01168,INV01168,CUST0094,2024-09-11,0.0,card,failed
PAY01169,INV01169,CUST0094,2024-10-14,49.99,paypal,paid
PAY01170,INV01170,CUST0094,2024-11-11,49.99,bank_transfer,paid
PAY01171,INV01171,CUST0094,2024-12-15,49.99,bank_transfer,paid
PAY01172,INV01172,CUST0094,2025-01-15,49.99,bank_transfer,paid
PAY01173,INV01173,CUST0094,2025-02-15,49.99,paypal,paid
PAY01174,INV01174,CUST0094,2025-03-11,49.99,bank_transfer,paid
PAY01175,INV01175,CUST0094,2025-04-11,49.99,bank_transfer,paid
PAY01176,INV01176,CUST0094,2025-05-12,49.99,paypal,paid
PAY01177,INV01177,CUST0094,2025-06-17,0.0,paypal,failed
PAY01178,INV01178,CUST0094,2025-07-15,49.99,paypal,paid
PAY01179,INV01179,CUST0094,2025-08-11,49.99,bank_transfer,paid
PAY01180,INV01180,CUST0094,2025-09-14,49.99,bank_transfer,paid
PAY01181,INV01181,CUST0094,2025-10-14,0.0,paypal,failed
PAY01182,INV01182,CUST0094,2025-11-10,49.99,paypal,paid
PAY01183,INV01183,CUST0094,2025-12-12,49.99,card,paid
PAY01184,INV01184,CUST0095,2024-11-28,0.0,card,failed
PAY01185,INV01185,CUST0095,2024-12-28,89.99,card,paid
PAY01186,INV01186,CUST0095,2025-01-30,89.99,card,paid
PAY01187,INV01187,CUST0095,2025-02-26,89.99,bank_transfer,paid
PAY01188,INV01188,CUST0095,2025-03-31,89.99,card,paid
PAY01189,INV01189,CUST0095,2025-04-27,89.99,paypal,paid
PAY01190,INV01190,CUST0095,2025-05-30,89.99,card,paid
PAY01191,INV01191,CUST0095,2025-07-01,89.99,bank_transfer,paid
PAY01192,INV01192,CUST0095,2025-07-28,89.99,paypal,paid
PAY01193,INV01193,CUST0095,2025-08-26,89.99,card,paid
PAY01194,INV01194,CUST0095,2025-09-26,89.99,bank_transfer,paid
PAY01195,INV01195,CUST0095,2025-10-28,89.99,bank_transfer,paid
PAY01196,INV01196,CUST0095,2025-11-27,89.99,card,paid
PAY01197,INV01197,CUST0095,2025-12-30,89.99,bank_transfer,paid
PAY01198,INV01198,CUST0096,2025-02-17,19.99,paypal,paid
PAY01199,INV01199,CUST0096,2025-03-19,19.99,card,paid
PAY01200,INV01200,CUST0096,2025-04-15,19.99,paypal,paid
PAY01201,INV01201,CUST0096,2025-05-18,19.99,bank_transfer,paid
PAY01202,INV01202,CUST0096,2025-06-15,19.99,card,paid
PAY01203,INV01203,CUST0096,2025-07-19,19.99,bank_transfer,paid
PAY01204,INV01204,CUST0096,2025-08-17,19.99,paypal,paid
PAY01205,INV01205,CUST0096,2025-09-18,19.99,bank_transfer,paid
PAY01206,INV01206,CUST0096,2025-10-17,19.99,bank_transfer,paid
PAY01207,INV01207,CUST0096,2025-11-15,19.99,card,paid
PAY01208,INV01208,CUST0096,2025-12-19,19.99,card,paid
PAY01209,INV01209,CUST0097,2024-06-03,19.99,card,paid
PAY01210,INV01210,CUST0097,2024-07-05,19.99,bank_transfer,paid
PAY01211,INV01211,CUST0097,2024-08-05,19.99,bank_transfer,paid
PAY01212,INV01212,CUST0097,2024-09-06,19.99,card,paid
PAY01213,INV01213,CUST0097,2024-10-05,19.99,card,paid
PAY01214,INV01214,CUST0097,2024-11-02,19.99,bank_transfer,paid
PAY01215,INV01215,CUST0097,2024-12-06,19.99,card,paid
PAY01216,INV01216,CUST0097,2025-01-06,19.99,bank_transfer,paid
PAY01217,INV01217,CUST0097,2025-02-03,19.99,bank_transfer,paid
PAY01218,INV01218,CUST0097,2025-03-06,0.0,bank_transfer,failed
PAY01219,INV01219,CUST0097,2025-04-03,19.99,paypal,paid
PAY01220,INV01220,CUST0097,2025-05-02,19.99,card,paid
PAY01221,INV01221,CUST0097,2025-06-06,19.99,card,paid
PAY01222,INV01222,CUST0097,2025-07-06,19.99,card,paid
PAY01223,INV01223,CUST0097,2025-08-02,19.99,bank_transfer,paid
PAY01224,INV01224,CUST0097,2025-09-03,19.99,paypal,paid
PAY01225,INV01225,CUST0097,2025-10-01,19.99,bank_transfer,paid
PAY01226,INV01226,CUST0097,2025-11-03,19.99,paypal,paid
PAY01227,INV01227,CUST0097,2025-12-04,19.99,bank_transfer,paid
PAY01228,INV01228,CUST0098,2024-08-28,49.99,paypal,paid
PAY01229,INV01229,CUST0098,2024-09-27,49.99,bank_transfer,paid
PAY01230,INV01230,CUST0098,2024-10-27,49.99,paypal,paid
PAY01231,INV01231,CUST0098,2024-11-27,49.99,paypal,paid
PAY01232,INV01232,CUST0098,2024-12-28,0.0,bank_transfer,failed
PAY01233,INV01233,CUST0098,2025-01-28,0.0,paypal,failed
PAY01234,INV01234,CUST0098,2025-03-02,49.99,bank_transfer,paid
PAY01235,INV01235,CUST0098,2025-03-27,49.99,bank_transfer,paid
PAY01236,INV01236,CUST0098,2025-05-01,49.99,bank_transfer,paid
PAY01237,INV01237,CUST0098,2025-05-27,49.99,card,paid
PAY01238,INV01238,CUST0098,2025-06-30,49.99,bank_transfer,paid
PAY01239,INV01239,CUST0098,2025-07-27,49.99,bank_transfer,paid
PAY01240,INV01240,CUST0098,2025-08-28,49.99,card,paid
PAY01241,INV01241,CUST0098,2025-09-30,49.99,bank_transfer,paid
PAY01242,INV01242,CUST0098,2025-10-27,49.99,paypal,paid
PAY01243,INV01243,CUST0098,2025-11-27,49.99,card,paid
PAY01244,INV01244,CUST0098,2025-12-31,49.99,card,paid
PAY01245,INV01245,CUST0099,2025-04-01,49.99,bank_transfer,paid
PAY01246,INV01246,CUST0099,2025-05-03,49.99,paypal,paid
PAY01247,INV01247,CUST0099,2025-06-05,49.99,bank_transfer,paid
PAY01248,INV01248,CUST0099,2025-07-01,49.99,bank_transfer,paid
PAY01249,INV01249,CUST0099,2025-08-01,49.99,card,paid
PAY01250,INV01250,CUST0099,2025-09-06,49.99,card,paid
PAY01251,INV01251,CUST0099,2025-10-06,49.99,card,paid
PAY01252,INV01252,CUST0099,2025-11-03,49.99,paypal,paid
PAY01253,INV01253,CUST0099,2025-12-05,49.99,card,paid
PAY01254,INV01254,CUST0100,2025-04-17,19.99,paypal,paid
PAY01255,INV01255,CUST0100,2025-05-17,19.99,paypal,paid
PAY01256,INV01256,CUST0100,2025-06-17,19.99,paypal,paid
PAY01257,INV01257,CUST0100,2025-07-21,19.99,bank_transfer,paid
PAY01258,INV01258,CUST0100,2025-08-16,19.99,card,paid
PAY01259,INV01259,CUST0100,2025-09-18,19.99,card,paid
PAY01260,INV01260,CUST0100,2025-10-20,19.99,bank_transfer,paid
PAY01261,INV01261,CUST0100,2025-11-19,19.99,card,paid
PAY01262,INV01262,CUST0100,2025-12-20,19.99,bank_transfer,paid
PAY01263,INV01263,CUST0101,2024-07-10,19.99,card,paid
PAY01264,INV01264,CUST0101,2024-08-12,19.99,bank_transfer,paid
PAY01265,INV01265,CUST0101,2024-09-12,19.99,card,paid
PAY01266,INV01266,CUST0101,2024-10-12,19.99,paypal,paid
PAY01267,INV01267,CUST0101,2024-11-09,19.99,card,paid
PAY01268,INV01268,CUST0101,2024-12-14,19.99,bank_transfer,paid
PAY01269,INV01269,CUST0101,2025-01-10,19.99,card,paid
PAY01270,INV01270,CUST0101,2025-02-14,19.99,bank_transfer,paid
PAY01271,INV01271,CUST0101,2025-03-09,19.99,card,paid
PAY01272,INV01272,CUST0101,2025-04-11,0.0,bank_transfer,failed
PAY01273,INV01273,CUST0101,2025-05-14,19.99,bank_transfer,paid
PAY01274,INV01274,CUST0101,2025-06-13,19.99,card,paid
PAY01275,INV01275,CUST0101,2025-07-11,19.99,card,paid
PAY01276,INV01276,CUST0101,2025-08-11,19.99,paypal,paid
PAY01277,INV01277,CUST0101,2025-09-13,19.99,card,paid
PAY01278,INV01278,CUST0101,2025-10-14,19.99,paypal,paid
PAY01279,INV01279,CUST0101,2025-11-10,19.99,bank_transfer,paid
PAY01280,INV01280,CUST0101,2025-12-13,19.99,bank_transfer,paid
PAY01281,INV01281,CUST0102,2025-05-20,0.0,bank_transfer,failed
PAY01282,INV01282,CUST0102,2025-06-20,19.99,bank_transfer,paid
PAY01283,INV01283,CUST0102,2025-07-19,19.99,card,paid
PAY01284,INV01284,CUST0102,2025-08-16,0.0,card,failed
PAY01285,INV01285,CUST0102,2025-09-20,19.99,card,paid
PAY01286,INV01286,CUST0102,2025-10-19,19.99,paypal,paid
PAY01287,INV01287,CUST0102,2025-11-19,19.99,bank_transfer,paid
PAY01288,INV01288,CUST0102,2025-12-20,19.99,paypal,paid
PAY01289,INV01289,CUST0103,2024-11-08,19.99,bank_transfer,paid
PAY01290,INV01290,CUST0103,2024-12-04,19.99,card,paid
PAY01291,INV01291,CUST0103,2025-01-08,19.99,paypal,paid
PAY01292,INV01292,CUST0103,2025-02-08,19.99,card,paid
PAY01293,INV01293,CUST0103,2025-03-07,19.99,paypal,paid
PAY01294,INV01294,CUST0103,2025-04-08,19.99,card,paid
PAY01295,INV01295,CUST0103,2025-05-08,19.99,bank_transfer,paid
PAY01296,INV01296,CUST0103,2025-06-04,19.99,bank_transfer,paid
PAY01297,INV01297,CUST0104,2024-06-11,19.99,bank_transfer,paid
PAY01298,INV01298,CUST0104,2024-07-09,19.99,bank_transfer,paid
PAY01299,INV01299,CUST0104,2024-08-09,19.99,paypal,paid
PAY01300,INV01300,CUST0104,2024-09-09,19.99,paypal,paid
PAY01301,INV01301,CUST0104,2024-10-11,19.99,paypal,paid
PAY01302,INV01302,CUST0104,2024-11-07,19.99,card,paid
PAY01303,INV01303,CUST0104,2024-12-07,19.99,paypal,paid
PAY01304,INV01304,CUST0104,2025-01-09,19.99,paypal,paid
PAY01305,INV01305,CUST0104,2025-02-09,19.99,card,paid
PAY01306,INV01306,CUST0104,2025-03-11,19.99,bank_transfer,paid
PAY01307,INV01307,CUST0104,2025-04-07,19.99,paypal,paid
PAY01308,INV01308,CUST0104,2025-05-07,19.99,card,paid
PAY01309,INV01309,CUST0104,2025-06-11,19.99,card,paid
PAY01310,INV01310,CUST0104,2025-07-07,19.99,bank_transfer,paid
PAY01311,INV01311,CUST0104,2025-08-07,19.99,bank_transfer,paid
PAY01312,INV01312,CUST0104,2025-09-08,19.99,paypal,paid
PAY01313,INV01313,CUST0104,2025-10-11,19.99,paypal,paid
PAY01314,INV01314,CUST0104,2025-11-09,19.99,card,paid
PAY01315,INV01315,CUST0104,2025-12-11,19.99,bank_transfer,paid
PAY01316,INV01316,CUST0105,2024-12-30,19.99,bank_transfer,paid
PAY01317,INV01317,CUST0105,2025-01-28,19.99,card,paid
PAY01318,INV01318,CUST0105,2025-02-28,19.99,paypal,paid
PAY01319,INV01319,CUST0105,2025-04-01,19.99,bank_transfer,paid
PAY01320,INV01320,CUST0105,2025-05-02,19.99,paypal,paid
PAY01321,INV01321,CUST0105,2025-06-02,19.99,bank_transfer,paid
PAY01322,INV01322,CUST0105,2025-07-01,19.99,bank_transfer,paid
PAY01323,INV01323,CUST0105,2025-08-02,19.99,paypal,paid
PAY01324,INV01324,CUST0105,2025-09-02,19.99,bank_transfer,paid
PAY01325,INV01325,CUST0105,2025-09-29,19.99,card,paid
PAY01326,INV01326,CUST0105,2025-10-30,19.99,paypal,paid
PAY01327,INV01327,CUST0105,2025-11-30,19.99,paypal,paid
PAY01328,INV01328,CUST0105,2025-12-31,19.99,card,paid
PAY01329,INV01329,CUST0106,2024-10-29,49.99,card,paid
PAY01330,INV01330,CUST0106,2024-11-27,49.99,bank_transfer,paid
PAY01331,INV01331,CUST0106,2024-12-28,49.99,card,paid
PAY01332,INV01332,CUST0106,2025-01-26,49.99,card,paid
PAY01333,INV01333,CUST0107,2025-03-29,49.99,bank_transfer,paid
PAY01334,INV01334,CUST0107,2025-04-28,49.99,paypal,paid
PAY01335,INV01335,CUST0107,2025-05-27,49.99,card,paid
PAY01336,INV01336,CUST0107,2025-06-28,49.99,card,paid
PAY01337,INV01337,CUST0108,2024-12-08,19.99,card,paid
PAY01338,INV01338,CUST0108,2025-01-06,19.99,bank_transfer,paid
PAY01339,INV01339,CUST0108,2025-02-06,19.99,card,paid
PAY01340,INV01340,CUST0108,2025-03-05,19.99,bank_transfer,paid
PAY01341,INV01341,CUST0108,2025-04-06,19.99,bank_transfer,paid
PAY01342,INV01342,CUST0108,2025-05-03,19.99,bank_transfer,paid
PAY01343,INV01343,CUST0108,2025-06-03,19.99,paypal,paid
PAY01344,INV01344,CUST0108,2025-07-04,0.0,bank_transfer,failed
PAY01345,INV01345,CUST0108,2025-08-05,19.99,card,paid
PAY01346,INV01346,CUST0108,2025-09-04,19.99,paypal,paid
PAY01347,INV01347,CUST0108,2025-10-05,19.99,bank_transfer,paid
PAY01348,INV01348,CUST0108,2025-11-07,19.99,card,paid
PAY01349,INV01349,CUST0108,2025-12-04,19.99,bank_transfer,paid
PAY01350,INV01350,CUST0109,2024-06-10,19.99,bank_transfer,paid
PAY01351,INV01351,CUST0109,2024-07-08,0.0,card,failed
PAY01352,INV01352,CUST0109,2024-08-10,19.99,paypal,paid
PAY01353,INV01353,CUST0109,2024-09-10,19.99,bank_transfer,paid
PAY01354,INV01354,CUST0109,2024-10-11,19.99,paypal,paid
PAY01355,INV01355,CUST0109,2024-11-10,19.99,bank_transfer,paid
PAY01356,INV01356,CUST0109,2024-12-11,19.99,bank_transfer,paid
PAY01357,INV01357,CUST0109,2025-01-12,0.0,paypal,failed
PAY01358,INV01358,CUST0109,2025-02-07,19.99,bank_transfer,paid
PAY01359,INV01359,CUST0109,2025-03-08,19.99,bank_transfer,paid
PAY01360,INV01360,CUST0109,2025-04-14,0.0,paypal,failed
PAY01361,INV01361,CUST0109,2025-05-07,19.99,bank_transfer,paid
PAY01362,INV01362,CUST0109,2025-06-10,19.99,bank_transfer,paid
PAY01363,INV01363,CUST0109,2025-07-08,0.0,bank_transfer,failed
PAY01364,INV01364,CUST0109,2025-08-11,19.99,paypal,paid
PAY01365,INV01365,CUST0109,2025-09-11,19.99,card,paid
PAY01366,INV01366,CUST0109,2025-10-10,19.99,bank_transfer,paid
PAY01367,INV01367,CUST0109,2025-11-09,19.99,paypal,paid
PAY01368,INV01368,CUST0109,2025-12-11,19.99,bank_transfer,paid
PAY01369,INV01369,CUST0110,2024-03-08,19.99,bank_transfer,paid
PAY01370,INV01370,CUST0110,2024-04-05,19.99,paypal,paid
PAY01371,INV01371,CUST0110,2024-05-05,19.99,card,paid
PAY01372,INV01372,CUST0110,2024-06-07,19.99,bank_transfer,paid
PAY01373,INV01373,CUST0110,2024-07-04,19.99,paypal,paid
PAY01374,INV01374,CUST0110,2024-08-04,19.99,bank_transfer,paid
PAY01375,INV01375,CUST0110,2024-09-03,19.99,card,paid
PAY01376,INV01376,CUST0110,2024-10-06,19.99,paypal,paid
PAY01377,INV01377,CUST0110,2024-11-06,19.99,bank_transfer,paid
PAY01378,INV01378,CUST0110,2024-12-08,19.99,paypal,paid
PAY01379,INV01379,CUST0110,2025-01-06,19.99,paypal,paid
PAY01380,INV01380,CUST0110,2025-02-07,19.99,card,paid
PAY01381,INV01381,CUST0110,2025-03-06,19.99,paypal,paid
PAY01382,INV01382,CUST0110,2025-04-03,19.99,paypal,paid
PAY01383,INV01383,CUST0110,2025-05-08,19.99,paypal,paid
PAY01384,INV01384,CUST0110,2025-06-03,19.99,card,paid
PAY01385,INV01385,CUST0110,2025-07-06,19.99,bank_transfer,paid
PAY01386,INV01386,CUST0110,2025-08-05,19.99,paypal,paid
PAY01387,INV01387,CUST0110,2025-09-08,19.99,bank_transfer,paid
PAY01388,INV01388,CUST0110,2025-10-08,19.99,card,paid
PAY01389,INV01389,CUST0110,2025-11-04,19.99,bank_transfer,paid
PAY01390,INV01390,CUST0110,2025-12-04,19.99,paypal,paid
PAY01391,INV01391,CUST0111,2024-01-25,49.99,paypal,paid
PAY01392,INV01392,CUST0111,2024-02-23,49.99,card,paid
PAY01393,INV01393,CUST0111,2024-03-24,49.99,bank_transfer,paid
PAY01394,INV01394,CUST0111,2024-04-23,49.99,card,paid
PAY01395,INV01395,CUST0111,2024-05-28,49.99,bank_transfer,paid
PAY01396,INV01396,CUST0111,2024-06-24,0.0,bank_transfer,failed
PAY01397,INV01397,CUST0111,2024-07-25,49.99,paypal,paid
PAY01398,INV01398,CUST0111,2024-08-26,49.99,paypal,paid
PAY01399,INV01399,CUST0111,2024-09-28,49.99,paypal,paid
PAY01400,INV01400,CUST0111,2024-10-25,49.99,card,paid
PAY01401,INV01401,CUST0111,2024-11-23,49.99,paypal,paid
PAY01402,INV01402,CUST0111,2024-12-26,49.99,card,paid
PAY01403,INV01403,CUST0111,2025-01-28,0.0,paypal,failed
PAY01404,INV01404,CUST0111,2025-02-26,49.99,card,paid
PAY01405,INV01405,CUST0111,2025-03-24,49.99,bank_transfer,paid
PAY01406,INV01406,CUST0111,2025-04-28,49.99,paypal,paid
PAY01407,INV01407,CUST0111,2025-05-27,49.99,bank_transfer,paid
PAY01408,INV01408,CUST0111,2025-06-26,49.99,card,paid
PAY01409,INV01409,CUST0111,2025-07-23,49.99,bank_transfer,paid
PAY01410,INV01410,CUST0111,2025-08-25,49.99,paypal,paid
PAY01411,INV01411,CUST0111,2025-09-26,49.99,paypal,paid
PAY01412,INV01412,CUST0111,2025-10-23,49.99,bank_transfer,paid
PAY01413,INV01413,CUST0111,2025-11-28,49.99,paypal,paid
PAY01414,INV01414,CUST0111,2025-12-25,49.99,paypal,paid
PAY01415,INV01415,CUST0112,2024-04-09,89.99,bank_transfer,paid
PAY01416,INV01416,CUST0112,2024-05-10,89.99,bank_transfer,paid
PAY01417,INV01417,CUST0112,2024-06-07,89.99,bank_transfer,paid
PAY01418,INV01418,CUST0112,2024-07-12,89.99,paypal,paid
PAY01419,INV01419,CUST0112,2024-08-08,89.99,card,paid
PAY01420,INV01420,CUST0112,2024-09-10,89.99,paypal,paid
PAY01421,INV01421,CUST0112,2024-10-09,89.99,paypal,paid
PAY01422,INV01422,CUST0112,2024-11-10,89.99,card,paid
PAY01423,INV01423,CUST0112,2024-12-08,89.99,bank_transfer,paid
PAY01424,INV01424,CUST0112,2025-01-12,89.99,bank_transfer,paid
PAY01425,INV01425,CUST0113,2024-03-14,19.99,card,paid
PAY01426,INV01426,CUST0113,2024-04-15,19.99,bank_transfer,paid
PAY01427,INV01427,CUST0113,2024-05-18,19.99,card,paid
PAY01428,INV01428,CUST0113,2024-06-17,19.99,bank_transfer,paid
PAY01429,INV01429,CUST0113,2024-07-15,19.99,paypal,paid
PAY01430,INV01430,CUST0113,2024-08-19,19.99,bank_transfer,paid
PAY01431,INV01431,CUST0113,2024-09-19,19.99,bank_transfer,paid
PAY01432,INV01432,CUST0113,2024-10-15,19.99,card,paid
PAY01433,INV01433,CUST0113,2024-11-14,19.99,paypal,paid
PAY01434,INV01434,CUST0113,2024-12-19,19.99,paypal,paid
PAY01435,INV01435,CUST0113,2025-01-18,19.99,card,paid
PAY01436,INV01436,CUST0113,2025-02-19,19.99,bank_transfer,paid
PAY01437,INV01437,CUST0113,2025-03-17,19.99,card,paid
PAY01438,INV01438,CUST0113,2025-04-17,19.99,bank_transfer,paid
PAY01439,INV01439,CUST0113,2025-05-16,19.99,bank_transfer,paid
PAY01440,INV01440,CUST0113,2025-06-15,19.99,bank_transfer,paid
PAY01441,INV01441,CUST0113,2025-07-19,19.99,paypal,paid
PAY01442,INV01442,CUST0113,2025-08-16,19.99,paypal,paid
PAY01443,INV01443,CUST0113,2025-09-15,19.99,card,paid
PAY01444,INV01444,CUST0113,2025-10-19,0.0,paypal,failed
PAY01445,INV01445,CUST0113,2025-11-18,19.99,bank_transfer,paid
PAY01446,INV01446,CUST0113,2025-12-19,19.99,card,paid
PAY01447,INV01447,CUST0114,2024-06-13,19.99,paypal,paid
PAY01448,INV01448,CUST0114,2024-07-15,19.99,paypal,paid
PAY01449,INV01449,CUST0114,2024-08-11,19.99,paypal,paid
PAY01450,INV01450,CUST0114,2024-09-12,19.99,bank_transfer,paid
PAY01451,INV01451,CUST0114,2024-10-14,19.99,card,paid
PAY01452,INV01452,CUST0114,2024-11-12,19.99,card,paid
PAY01453,INV01453,CUST0114,2024-12-16,19.99,paypal,paid
PAY01454,INV01454,CUST0114,2025-01-12,19.99,card,paid
PAY01455,INV01455,CUST0114,2025-02-14,19.99,card,paid
PAY01456,INV01456,CUST0114,2025-03-12,19.99,paypal,paid
PAY01457,INV01457,CUST0114,2025-04-12,19.99,bank_transfer,paid
PAY01458,INV01458,CUST0114,2025-05-13,19.99,card,paid
PAY01459,INV01459,CUST0114,2025-06-14,19.99,paypal,paid
PAY01460,INV01460,CUST0114,2025-07-12,19.99,paypal,paid
PAY01461,INV01461,CUST0114,2025-08-16,19.99,bank_transfer,paid
PAY01462,INV01462,CUST0114,2025-09-15,19.99,card,paid
PAY01463,INV01463,CUST0114,2025-10-14,19.99,card,paid
PAY01464,INV01464,CUST0114,2025-11-13,19.99,card,paid
PAY01465,INV01465,CUST0114,2025-12-12,19.99,card,paid
PAY01466,INV01466,CUST0115,2024-06-05,19.99,card,paid
PAY01467,INV01467,CUST0115,2024-07-06,19.99,card,paid
PAY01468,INV01468,CUST0115,2024-08-05,19.99,card,paid
PAY01469,INV01469,CUST0115,2024-09-02,19.99,card,paid
PAY01470,INV01470,CUST0115,2024-10-01,19.99,card,paid
PAY01471,INV01471,CUST0115,2024-11-06,19.99,paypal,paid
PAY01472,INV01472,CUST0115,2024-12-01,19.99,paypal,paid
PAY01473,INV01473,CUST0115,2025-01-06,19.99,paypal,paid
PAY01474,INV01474,CUST0115,2025-02-06,19.99,paypal,paid
PAY01475,INV01475,CUST0115,2025-03-06,19.99,card,paid
PAY01476,INV01476,CUST0116,2024-02-17,49.99,card,paid
PAY01477,INV01477,CUST0116,2024-03-12,49.99,bank_transfer,paid
PAY01478,INV01478,CUST0116,2024-04-12,49.99,card,paid
PAY01479,INV01479,CUST0116,2024-05-12,49.99,paypal,paid
PAY01480,INV01480,CUST0116,2024-06-17,49.99,card,paid
PAY01481,INV01481,CUST0116,2024-07-13,49.99,paypal,paid
PAY01482,INV01482,CUST0116,2024-08-15,49.99,bank_transfer,paid
PAY01483,INV01483,CUST0116,2024-09-17,49.99,card,paid
PAY01484,INV01484,CUST0116,2024-10-14,49.99,paypal,paid
PAY01485,INV01485,CUST0116,2024-11-15,49.99,paypal,paid
PAY01486,INV01486,CUST0116,2024-12-16,49.99,card,paid
PAY01487,INV01487,CUST0116,2025-01-16,49.99,paypal,paid
PAY01488,INV01488,CUST0116,2025-02-17,49.99,bank_transfer,paid
PAY01489,INV01489,CUST0116,2025-03-13,0.0,card,failed
PAY01490,INV01490,CUST0116,2025-04-15,49.99,card,paid
PAY01491,INV01491,CUST0116,2025-05-14,49.99,card,paid
PAY01492,INV01492,CUST0116,2025-06-17,49.99,card,paid
PAY01493,INV01493,CUST0116,2025-07-16,49.99,bank_transfer,paid
PAY01494,INV01494,CUST0116,2025-08-15,49.99,paypal,paid
PAY01495,INV01495,CUST0116,2025-09-13,49.99,card,paid
PAY01496,INV01496,CUST0116,2025-10-14,49.99,bank_transfer,paid
PAY01497,INV01497,CUST0116,2025-11-16,49.99,bank_transfer,paid
PAY01498,INV01498,CUST0116,2025-12-15,49.99,paypal,paid
PAY01499,INV01499,CUST0117,2024-06-30,19.99,paypal,paid
PAY01500,INV01500,CUST0117,2024-07-29,19.99,bank_transfer,paid
PAY01501,INV01501,CUST0117,2024-08-29,19.99,bank_transfer,paid
PAY01502,INV01502,CUST0117,2024-09-29,19.99,card,paid
PAY01503,INV01503,CUST0117,2024-10-30,19.99,bank_transfer,paid
PAY01504,INV01504,CUST0117,2024-11-29,19.99,card,paid
PAY01505,INV01505,CUST0117,2024-12-30,19.99,paypal,paid
PAY01506,INV01506,CUST0117,2025-01-29,19.99,bank_transfer,paid
PAY01507,INV01507,CUST0117,2025-03-04,0.0,paypal,failed
PAY01508,INV01508,CUST0117,2025-03-31,19.99,paypal,paid
PAY01509,INV01509,CUST0117,2025-05-03,0.0,bank_transfer,failed
PAY01510,INV01510,CUST0117,2025-06-02,19.99,paypal,paid
PAY01511,INV01511,CUST0117,2025-07-02,19.99,bank_transfer,paid
PAY01512,INV01512,CUST0117,2025-07-31,19.99,paypal,paid
PAY01513,INV01513,CUST0117,2025-08-28,19.99,card,paid
PAY01514,INV01514,CUST0117,2025-09-28,19.99,paypal,paid
PAY01515,INV01515,CUST0117,2025-10-30,19.99,card,paid
PAY01516,INV01516,CUST0117,2025-11-29,19.99,bank_transfer,paid
PAY01517,INV01517,CUST0117,2025-12-30,19.99,card,paid
PAY01518,INV01518,CUST0118,2024-07-28,49.99,paypal,paid
PAY01519,INV01519,CUST0118,2024-08-28,49.99,paypal,paid
PAY01520,INV01520,CUST0118,2024-09-28,49.99,paypal,paid
PAY01521,INV01521,CUST0118,2024-10-26,49.99,card,paid
PAY01522,INV01522,CUST0118,2024-11-29,49.99,paypal,paid
PAY01523,INV01523,CUST0118,2024-12-29,49.99,bank_transfer,paid
PAY01524,INV01524,CUST0118,2025-01-30,49.99,bank_transfer,paid
PAY01525,INV01525,CUST0118,2025-03-01,49.99,bank_transfer,paid
PAY01526,INV01526,CUST0118,2025-03-30,49.99,paypal,paid
PAY01527,INV01527,CUST0118,2025-04-28,49.99,paypal,paid
PAY01528,INV01528,CUST0118,2025-05-30,49.99,card,paid
PAY01529,INV01529,CUST0118,2025-06-28,49.99,bank_transfer,paid
PAY01530,INV01530,CUST0118,2025-07-28,49.99,bank_transfer,paid
PAY01531,INV01531,CUST0118,2025-08-29,49.99,card,paid
PAY01532,INV01532,CUST0118,2025-10-01,49.99,bank_transfer,paid
PAY01533,INV01533,CUST0118,2025-10-28,49.99,paypal,paid
PAY01534,INV01534,CUST0118,2025-12-01,49.99,card,paid
PAY01535,INV01535,CUST0118,2025-12-28,49.99,bank_transfer,paid
PAY01536,INV01536,CUST0119,2025-05-11,49.99,card,paid
PAY01537,INV01537,CUST0119,2025-06-12,49.99,paypal,paid
PAY01538,INV01538,CUST0119,2025-07-14,49.99,bank_transfer,paid
PAY01539,INV01539,CUST0119,2025-08-13,49.99,paypal,paid
PAY01540,INV01540,CUST0119,2025-09-16,0.0,card,failed
PAY01541,INV01541,CUST0119,2025-10-12,49.99,card,paid
PAY01542,INV01542,CUST0119,2025-11-13,49.99,paypal,paid
PAY01543,INV01543,CUST0120,2025-01-11,49.99,paypal,paid
PAY01544,INV01544,CUST0120,2025-02-08,49.99,card,paid
PAY01545,INV01545,CUST0120,2025-03-09,49.99,bank_transfer,paid
PAY01546,INV01546,CUST0120,2025-04-12,49.99,bank_transfer,paid
PAY01547,INV01547,CUST0120,2025-05-08,49.99,paypal,paid
PAY01548,INV01548,CUST0120,2025-06-09,49.99,card,paid
PAY01549,INV01549,CUST0120,2025-07-10,49.99,card,paid
PAY01550,INV01550,CUST0120,2025-08-12,49.99,bank_transfer,paid
PAY01551,INV01551,CUST0120,2025-09-13,49.99,paypal,paid
PAY01552,INV01552,CUST0120,2025-10-09,49.99,bank_transfer,paid
PAY01553,INV01553,CUST0120,2025-11-09,49.99,card,paid
